-- Pitt Tours Database
-- Jonathan Hanobik and Seth Stayer
-- CS1555, Fall 2016

-- Airline
-- ASSUMPTIONS:
--		N/A
DROP TABLE Airline CASCADE CONSTRAINTS;
CREATE TABLE Airline (
	airline_id VARCHAR(5),
	airline_name VARCHAR(50),
	airline_abbreviation VARCHAR(20),
	year_founded int,
	CONSTRAINT PK_Airline PRIMARY KEY(airline_id)
);

-- Plane
-- ASSUMPTIONS:
-- 1) Each plane has a capacity of at least 0
-- 2) Each plane has been serviced after its birth year	
DROP TABLE Plane CASCADE CONSTRAINTS;
CREATE TABLE Plane (
	plane_type CHAR(4),
	manufacture VARCHAR(10),
	plane_capacity INT,
	last_service DATE,
	year INT,
	owner_id VARCHAR(5),
	CONSTRAINT PK_Plane PRIMARY KEY(plane_type, owner_id),
	CONSTRAINT FK_Plane FOREIGN KEY(owner_id) REFERENCES Airline(airline_id) INITIALLY DEFERRED DEFERRABLE,
	CONSTRAINT capacityCheck CHECK (plane_capacity > 0),
	CONSTRAINT yearCheck CHECK (CAST(to_char(last_service, 'YYYY') AS INT) >= year)
);

-- Flight Schedule
-- ASSUMPTIONS:
-- 		1) There are no delays or early departures for any flights
--		2) Every flight is at least offered on some day of the week
DROP TABLE Flight CASCADE CONSTRAINTS;
CREATE TABLE Flight (
	flight_number VARCHAR(3),
	airline_id VARCHAR(5),
	plane_type CHAR(4),
	departure_city VARCHAR(3),
	arrival_city VARCHAR(3),
	departure_time VARCHAR(4),
	arrival_time VARCHAR(4),
	weekly_schedule VARCHAR(7),
	CONSTRAINT PK_Flight PRIMARY KEY(flight_number),
	CONSTRAINT FK1_Flight FOREIGN KEY(plane_type, airline_id) REFERENCES Plane(plane_type, owner_id) INITIALLY DEFERRED DEFERRABLE,
	CONSTRAINT FK2_Flight FOREIGN KEY(airline_id) REFERENCES Airline(airline_id) INITIALLY DEFERRED DEFERRABLE,
	CONSTRAINT cityCheckFlight CHECK (departure_city <> arrival_city),
	CONSTRAINT scheduleCheck CHECK (weekly_schedule <> '-------'),
	CONSTRAINT timeCheck CHECK((departure_time BETWEEN '0000' AND '2359') AND (arrival_time BETWEEN '0000' AND '2359'))	
);

-- Flight Pricing
-- ASSUMPTIONS:
--		N/A
DROP TABLE Price CASCADE CONSTRAINTS;
CREATE TABLE Price (
	departure_city varchar(3),
	arrival_city varchar(3),
	airline_id varchar(5),
	high_price int,
	low_price int,
	CONSTRAINT Pk_Price PRIMARY KEY(departure_city, arrival_city, airline_id),
	CONSTRAINT Fk_Price FOREIGN KEY(airline_id) REFERENCES Airline(airline_id) INITIALLY DEFERRED DEFERRABLE,
	CONSTRAINT cityCheckPrice CHECK (departure_city <> arrival_city),
	CONSTRAINT priceCheck CHECK (high_price > low_price)
);

-- Customer
-- ASSUMPTIONS:
--		1) Two people can have the same name, but will have different cids
--		2) A customer's credit card's expiration date must be later than the current year
DROP TABLE Customer CASCADE CONSTRAINTS;
CREATE TABLE Customer (
	cid varchar(9),
	salutation varchar(3),
	first_name varchar(30),
	last_name varchar(30),
	credit_card_num varchar(16),
	credit_card_expire date,
	street varchar(30),
	city varchar(30),
	state varchar(2),
	phone varchar(10),
	email varchar(30),
	frequent_miles varchar(5),
	CONSTRAINT Pk_Customer PRIMARY KEY(cid),
	CONSTRAINT validCC CHECK (CAST(to_char(credit_card_expire, 'YYYY') AS INT) >= 2016)
);

-- Reservation Information
-- ASSUMPTIONS:
--		1) Each customer uses their preferred credit card, the one provided in Customer
--		2) ReservationDate must be after the current date
DROP TABLE Reservation CASCADE CONSTRAINTS;
CREATE TABLE Reservation (
	reservation_number varchar(5),
	cid varchar(9),
	start_city char(3),
	end_city char(3),
	cost int,
	credit_card_num varchar(16),
	reservation_date date,
	ticketed varchar(1),
	CONSTRAINT Pk_Reservation PRIMARY KEY(reservation_number),
	CONSTRAINT Fk_Reservation FOREIGN KEY(cid) REFERENCES Customer(cid) INITIALLY DEFERRED DEFERRABLE
	--CONSTRAINT Fk_Reservation FOREIGN KEY(credit_card_num) REFERENCES Customer(credit_card_num) INITIALLY DEFERRED DEFERRABLE,
	--CONSTRAINT customerCCCheck CHECK (credit_card_num == (SELECT credit_card_num FROM Customer C WHERE C.cid = cid)),
	--CONSTRAINT reserveDateCheck CHECK (reservation_date >= sysdate)
);

-- Reservation Detail
-- ASSUMPTIONS:
--		1) Each Reservation Has At Least One Leg
DROP TABLE Reservation_Detail CASCADE CONSTRAINTS;
CREATE TABLE Reservation_Detail (
	reservation_number varchar(5),
	flight_number varchar(3),
	flight_date date,
	leg int,
	CONSTRAINT Pk_Reservation_Detail PRIMARY KEY(reservation_number, leg),
	CONSTRAINT Fk1_Reservation_Detail FOREIGN KEY(reservation_number) REFERENCES Reservation(reservation_number) INITIALLY DEFERRED DEFERRABLE,
	CONSTRAINT Fk2_Reservation_Detail FOREIGN KEY(flight_number) REFERENCES Flight(flight_number) INITIALLY DEFERRED DEFERRABLE,
	CONSTRAINT legCheck CHECK (leg >= 0)
);

-- Our Time
-- ASSUMPTIONS:
-- 		1) Time is store as 4 digits without a colon, just like in Flight
DROP TABLE Our_Date CASCADE CONSTRAINTS;
CREATE TABLE Our_Date (
	c_date date,
	CONSTRAINT Pk_Date PRIMARY KEY(c_date)
);
commit;

-- Data For Database
INSERT INTO CUSTOMER VALUES(00000001, 'Mr', 'Will', 'Johnson', '3509210469923528', to_date('03/23', 'MM/YY'), '958 Bigelow Boulevard', 'Tallahassee', 'FL', '1200192583', '1@pitt.edu', NULL);
INSERT INTO CUSTOMER VALUES(00000002, 'Mr', 'Joshua', 'Stayer', '5183818328028387', to_date('06/20', 'MM/YY'), '406 McKee Street', 'Billings', 'MT', '0523382044', '2@pitt.edu', '10010');
INSERT INTO CUSTOMER VALUES(00000003, 'Mrs', 'Day', 'Stevenson', '4618950241582653', to_date('08/25', 'MM/YY'), '694 West Avenue', 'Albany', 'NY', '4364870991', '3@pitt.edu', NULL);
INSERT INTO CUSTOMER VALUES(00000004, 'Mrs', 'Katie', 'Getz', '8940856511400581', to_date('12/25', 'MM/YY'), '059 Cherry Street', 'Boston', 'MA', '3163344374', '4@pitt.edu', NULL);
INSERT INTO CUSTOMER VALUES(00000005, 'Mrs', 'Martha', 'Ross', '4695416608579068', to_date('08/24', 'MM/YY'), '334 Farm Lane', 'Honolulu', 'HI', '2374976958', '5@pitt.edu', NULL);
INSERT INTO CUSTOMER VALUES(00000006, 'Mrs', 'Kathy', 'Carroll', '8165678802082387', to_date('09/25', 'MM/YY'), '469 Friendship Lane', 'Pittsburgh', 'PA', '7610910610', '6@pitt.edu', NULL);
INSERT INTO CUSTOMER VALUES(00000007, 'Mrs', 'Staci', 'Hanobik', '4439137482904566', to_date('05/24', 'MM/YY'), '205 Orchard Circle', 'Philadelphia', 'PA', '9319585296', '7@pitt.edu', NULL);
INSERT INTO CUSTOMER VALUES(00000008, 'Mrs', 'Audrey', 'Roosevelt', '1877459825416352', to_date('07/18', 'MM/YY'), '160 Cathedral Road', 'Columbus', 'OH', '0055020662', '8@pitt.edu', NULL);
INSERT INTO CUSTOMER VALUES(00000009, 'Mr', 'Will', 'Miller', '8449039710882388', to_date('01/17', 'MM/YY'), '098 Main Street', 'Tallahassee', 'FL', '7874247615', '9@pitt.edu', NULL);
INSERT INTO CUSTOMER VALUES(00000010, 'Mr', 'Tim', 'McKinney', '0982454960167452', to_date('10/19', 'MM/YY'), '713 Forbes Avenue', 'Indianapolis', 'IA', '4200274696', '10@pitt.edu', NULL);
INSERT INTO CUSTOMER VALUES(00000011, 'Mrs', 'Breanna', 'Johnson', '9631010112481858', to_date('03/25', 'MM/YY'), '370 Bigelow Boulevard', 'Anchorage', 'AK', '5619224302', '11@pitt.edu', '10010');
INSERT INTO CUSTOMER VALUES(00000012, 'Mr', 'Adam', 'Carroll', '7540858498047522', to_date('09/22', 'MM/YY'), '397 Friendship Lane', 'Honolulu', 'HI', '3086671193', '12@pitt.edu', NULL);
INSERT INTO CUSTOMER VALUES(00000013, 'Mr', 'Caleb', 'Miller', '3575905750798514', to_date('01/17', 'MM/YY'), '720 Main Street', 'Los Angeles', 'CA', '5228583563', '13@pitt.edu', NULL);
INSERT INTO CUSTOMER VALUES(00000014, 'Mr', 'Dan', 'Frey', '1718109962795822', to_date('04/21', 'MM/YY'), '810 Kenyon Trail', 'Houston', 'TX', '6378272032', '14@pitt.edu', NULL);
INSERT INTO CUSTOMER VALUES(00000015, 'Mr', 'Jesse', 'Misuraca', '1528929352041193', to_date('05/17', 'MM/YY'), '777 Yuletide Road', 'New Orleans', 'LA', '3180270448', '15@pitt.edu', NULL);
INSERT INTO CUSTOMER VALUES(00000016, 'Mrs', 'Lisa', 'Ross', '4566357016445796', to_date('08/24', 'MM/YY'), '939 Farm Lane', 'Los Angeles', 'CA', '1348331706', '16@pitt.edu', NULL);
INSERT INTO CUSTOMER VALUES(00000017, 'Mr', 'Tim', 'Smith', '9320382336177751', to_date('02/25', 'MM/YY'), '858 Walnut Street', 'Indianapolis', 'IA', '2698395432', '17@pitt.edu', NULL);
INSERT INTO CUSTOMER VALUES(00000018, 'Mrs', 'Fay', 'Miller', '6724984859862411', to_date('01/18', 'MM/YY'), '848 Main Street', 'Harrisburg', 'PA', '0714969202', '18@pitt.edu', NULL);
INSERT INTO CUSTOMER VALUES(00000019, 'Mr', 'Seth', 'Butcher', '2851633427121462', to_date('03/17', 'MM/YY'), '596 Memory Lane', 'Pittsburgh', 'PA', '0407160996', '19@pitt.edu', NULL);
INSERT INTO CUSTOMER VALUES(00000020, 'Mr', 'Paul', 'Misuraca', '5643345357492844', to_date('05/18', 'MM/YY'), '798 Yuletide Road', 'Columbus', 'OH', '1980113058', '20@pitt.edu', NULL);
INSERT INTO CUSTOMER VALUES(00000021, 'Mrs', 'Fay', 'Misuraca', '4946803852932601', to_date('05/23', 'MM/YY'), '474 Yuletide Road', 'Harrisburg', 'PA', '1151885826', '21@pitt.edu', NULL);
INSERT INTO CUSTOMER VALUES(00000022, 'Mr', 'Adam', 'Miller', '7296528752365057', to_date('01/21', 'MM/YY'), '660 Main Street', 'Honolulu', 'HI', '8501495157', '22@pitt.edu', NULL);
INSERT INTO CUSTOMER VALUES(00000023, 'Mr', 'John', 'Sinatra', '2637881711500501', to_date('01/20', 'MM/YY'), '702 New School Lane', 'Albany', 'NY', '3941809857', '23@pitt.edu', NULL);
INSERT INTO CUSTOMER VALUES(00000024, 'Mrs', 'Kay', 'Richardson', '5736761917996732', to_date('07/17', 'MM/YY'), '724 Pine Road', 'Hershey', 'PA', '5138741550', '24@pitt.edu', NULL);
INSERT INTO CUSTOMER VALUES(00000025, 'Mr', 'Adam', 'Brown', '1485941585929089', to_date('04/22', 'MM/YY'), '798 Oakland Avenue', 'Honolulu', 'HI', '0960476003', '25@pitt.edu', NULL);
INSERT INTO CUSTOMER VALUES(00000026, 'Mrs', 'Rebecca', 'Carroll', '4939720896231476', to_date('09/24', 'MM/YY'), '119 Friendship Lane', 'Chicago', 'IL', '9640332333', '26@pitt.edu', '80001');
INSERT INTO CUSTOMER VALUES(00000027, 'Ms', 'Day', 'Gosa', '8450134252361069', to_date('11/19', 'MM/YY'), '106 Fifth Avenue', 'Albany', 'NY', '1154123533', '27@pitt.edu', NULL);
INSERT INTO CUSTOMER VALUES(00000028, 'Mr', 'John', 'Misuraca', '2139306304630889', to_date('05/21', 'MM/YY'), '120 Yuletide Road', 'Albany', 'NY', '4323084714', '28@pitt.edu', NULL);
INSERT INTO CUSTOMER VALUES(00000029, 'Mrs', 'Monica', 'Ross', '5460466635486598', to_date('08/22', 'MM/YY'), '413 Farm Lane', 'Indianapolis', 'IA', '2520638344', '29@pitt.edu', NULL);
INSERT INTO CUSTOMER VALUES(00000030, 'Mr', 'Jesse', 'Ross', '2526508990253940', to_date('08/16', 'MM/YY'), '983 Farm Lane', 'New Orleans', 'LA', '1645552536', '30@pitt.edu', NULL);
INSERT INTO CUSTOMER VALUES(00000031, 'Mr', 'Sam', 'Richardson', '1930198002028675', to_date('07/22', 'MM/YY'), '347 Pine Road', 'Boston', 'MA', '4219463696', '31@pitt.edu', NULL);
INSERT INTO CUSTOMER VALUES(00000032, 'Ms', 'Demeara', 'Miller', '6696510677012455', to_date('01/24', 'MM/YY'), '363 Main Street', 'Tallahassee', 'FL', '2422042551', '32@pitt.edu', NULL);
INSERT INTO CUSTOMER VALUES(00000033, 'Mr', 'Tim', 'Frey', '5109478517595569', to_date('04/21', 'MM/YY'), '078 Kenyon Trail', 'Indianapolis', 'IA', '2231378059', '33@pitt.edu', NULL);
INSERT INTO CUSTOMER VALUES(00000034, 'Ms', 'Gay', 'Gosa', '9727544016348432', to_date('11/18', 'MM/YY'), '036 Fifth Avenue', 'York', 'PA', '0954513934', '34@pitt.edu', NULL);
INSERT INTO CUSTOMER VALUES(00000035, 'Mrs', 'Demeara', 'Tuft', '3851862666259639', to_date('06/20', 'MM/YY'), '822 Swanson Street', 'Tallahassee', 'FL', '6697839051', '35@pitt.edu', NULL);
INSERT INTO CUSTOMER VALUES(00000036, 'Mrs', 'Kathy', 'Brown', '0160875713407283', to_date('04/18', 'MM/YY'), '944 Oakland Avenue', 'Pittsburgh', 'PA', '2498978504', '36@pitt.edu', NULL);
INSERT INTO CUSTOMER VALUES(00000037, 'Mrs', 'Audrey', 'Miller', '4954587240899349', to_date('01/24', 'MM/YY'), '820 Main Street', 'Columbus', 'OH', '4349975811', '37@pitt.edu', NULL);
INSERT INTO CUSTOMER VALUES(00000038, 'Mrs', 'Monica', 'Getz', '0443927771496815', to_date('12/17', 'MM/YY'), '122 Cherry Street', 'Indianapolis', 'IA', '1159344274', '38@pitt.edu', NULL);
INSERT INTO CUSTOMER VALUES(00000039, 'Mrs', 'Kim', 'Brown', '0329959621882047', to_date('04/20', 'MM/YY'), '298 Oakland Avenue', 'New Orleans', 'LA', '4851700842', '39@pitt.edu', NULL);
INSERT INTO CUSTOMER VALUES(00000040, 'Ms', 'Day', 'Johnson', '6224401101423939', to_date('03/20', 'MM/YY'), '267 Bigelow Boulevard', 'Albany', 'NY', '1174774358', '40@pitt.edu', NULL);
INSERT INTO CUSTOMER VALUES(00000041, 'Mr', 'Spencer', 'Gosa', '3504148436158590', to_date('11/17', 'MM/YY'), '063 Fifth Avenue', 'Chicago', 'IL', '2121937915', '41@pitt.edu', '40001');
INSERT INTO CUSTOMER VALUES(00000042, 'Mrs', 'Annie', 'Stayer', '3719835273903841', to_date('06/23', 'MM/YY'), '974 McKee Street', 'Providence', 'RI', '9248491393', '42@pitt.edu', NULL);
INSERT INTO CUSTOMER VALUES(00000043, 'Ms', 'Kim', 'Stayer', '7100478503562931', to_date('06/17', 'MM/YY'), '237 McKee Street', 'New Orleans', 'LA', '5620941601', '43@pitt.edu', NULL);
INSERT INTO CUSTOMER VALUES(00000044, 'Mr', 'Will', 'Gosa', '2040671908910502', to_date('11/23', 'MM/YY'), '929 Fifth Avenue', 'Tallahassee', 'FL', '2810538356', '44@pitt.edu', NULL);
INSERT INTO CUSTOMER VALUES(00000045, 'Mr', 'Caleb', 'Tuft', '2926006389305926', to_date('06/24', 'MM/YY'), '864 Swanson Street', 'Los Angeles', 'CA', '2374979427', '45@pitt.edu', NULL);
INSERT INTO CUSTOMER VALUES(00000046, 'Mr', 'John', 'Sinatra', '6801389985486120', to_date('01/18', 'MM/YY'), '967 New School Lane', 'Albany', 'NY', '6785553729', '46@pitt.edu', NULL);
INSERT INTO CUSTOMER VALUES(00000047, 'Ms', 'Rebecca', 'Smith', '0434969628486258', to_date('02/18', 'MM/YY'), '854 Walnut Street', 'Chicago', 'IL', '9561405587', '47@pitt.edu', '20001');
INSERT INTO CUSTOMER VALUES(00000048, 'Mrs', 'Emily', 'Brown', '5042681098477439', to_date('04/24', 'MM/YY'), '145 Oakland Avenue', 'Des Moines', 'IA', '6215960781', '48@pitt.edu', '40001');
INSERT INTO CUSTOMER VALUES(00000049, 'Mrs', 'Monica', 'Gosa', '4855911971562064', to_date('11/17', 'MM/YY'), '554 Fifth Avenue', 'Indianapolis', 'IA', '2309649082', '49@pitt.edu', NULL);
INSERT INTO CUSTOMER VALUES(00000050, 'Ms', 'Penelope', 'Johnson', '8036222254748686', to_date('03/25', 'MM/YY'), '688 Bigelow Boulevard', 'Billings', 'MT', '6069057088', '50@pitt.edu', '10010');
INSERT INTO CUSTOMER VALUES(00000051, 'Mr', 'John', 'Johnson', '1480818139710937', to_date('03/19', 'MM/YY'), '479 Bigelow Boulevard', 'Albany', 'NY', '8594374375', '51@pitt.edu', NULL);
INSERT INTO CUSTOMER VALUES(00000052, 'Ms', 'Staci', 'Brown', '8409779245586390', to_date('04/22', 'MM/YY'), '419 Oakland Avenue', 'Philadelphia', 'PA', '8839125238', '52@pitt.edu', NULL);
INSERT INTO CUSTOMER VALUES(00000053, 'Mr', 'Adam', 'Brown', '2341507851224478', to_date('04/22', 'MM/YY'), '011 Oakland Avenue', 'Honolulu', 'HI', '1102688052', '53@pitt.edu', NULL);
INSERT INTO CUSTOMER VALUES(00000054, 'Ms', 'Sara', 'Tuft', '4401414574284730', to_date('06/22', 'MM/YY'), '045 Swanson Street', 'Houston', 'TX', '3304971065', '54@pitt.edu', NULL);
INSERT INTO CUSTOMER VALUES(00000055, 'Ms', 'Rebecca', 'Frey', '6738302317390465', to_date('04/17', 'MM/YY'), '242 Kenyon Trail', 'Chicago', 'IL', '4513423480', '55@pitt.edu', '90001');
INSERT INTO CUSTOMER VALUES(00000056, 'Mr', 'Hunter', 'Frey', '0444096568051483', to_date('04/23', 'MM/YY'), '079 Kenyon Trail', 'Anchorage', 'AK', '5943469831', '56@pitt.edu', '30001');
INSERT INTO CUSTOMER VALUES(00000057, 'Mr', 'Michael', 'Gosa', '8167992698658577', to_date('11/25', 'MM/YY'), '710 Fifth Avenue', 'Providence', 'RI', '5132086944', '57@pitt.edu', NULL);
INSERT INTO CUSTOMER VALUES(00000058, 'Mr', 'Caleb', 'Misuraca', '5149998125775560', to_date('05/23', 'MM/YY'), '058 Yuletide Road', 'Los Angeles', 'CA', '7857466550', '58@pitt.edu', NULL);
INSERT INTO CUSTOMER VALUES(00000059, 'Mr', 'Dan', 'Miller', '8084689669940150', to_date('01/22', 'MM/YY'), '329 Main Street', 'Houston', 'TX', '0135826281', '59@pitt.edu', NULL);
INSERT INTO CUSTOMER VALUES(00000060, 'Mrs', 'Monica', 'McKinney', '7085158892112588', to_date('10/22', 'MM/YY'), '924 Forbes Avenue', 'Indianapolis', 'IA', '3961834356', '60@pitt.edu', NULL);
INSERT INTO CUSTOMER VALUES(00000061, 'Mr', 'Sam', 'Carroll', '3936272347202651', to_date('09/25', 'MM/YY'), '119 Friendship Lane', 'Boston', 'MA', '7601137618', '61@pitt.edu', NULL);
INSERT INTO CUSTOMER VALUES(00000062, 'Mr', 'Will', 'Roosevelt', '5111350216352289', to_date('07/16', 'MM/YY'), '207 Cathedral Road', 'Tallahassee', 'FL', '5070124698', '62@pitt.edu', NULL);
INSERT INTO CUSTOMER VALUES(00000063, 'Mr', 'Tim', 'Johnson', '5081575328635955', to_date('03/23', 'MM/YY'), '674 Bigelow Boulevard', 'Indianapolis', 'IA', '1403623538', '63@pitt.edu', NULL);
INSERT INTO CUSTOMER VALUES(00000064, 'Mr', 'Wyatt', 'Roosevelt', '4598708160853369', to_date('07/16', 'MM/YY'), '630 Cathedral Road', 'Atlanta', 'GA', '0721941260', '64@pitt.edu', NULL);
INSERT INTO CUSTOMER VALUES(00000065, 'Mr', 'Joshua', 'Brown', '1167313331416291', to_date('04/18', 'MM/YY'), '292 Oakland Avenue', 'Billings', 'MT', '0590560745', '65@pitt.edu', '70001');
INSERT INTO CUSTOMER VALUES(00000066, 'Mr', 'Will', 'Stevenson', '0961896372251614', to_date('08/23', 'MM/YY'), '927 West Avenue', 'Tallahassee', 'FL', '8367783075', '66@pitt.edu', NULL);
INSERT INTO CUSTOMER VALUES(00000067, 'Mrs', 'Katie', 'Tuft', '3721706305097034', to_date('06/17', 'MM/YY'), '553 Swanson Street', 'Boston', 'MA', '2420151324', '67@pitt.edu', NULL);
INSERT INTO CUSTOMER VALUES(00000068, 'Ms', 'Emily', 'Tuft', '6396032344802302', to_date('06/24', 'MM/YY'), '239 Swanson Street', 'Des Moines', 'IA', '9732606476', '68@pitt.edu', '10010');
INSERT INTO CUSTOMER VALUES(00000069, 'Mr', 'Jonathan', 'McKinney', '2321720975389942', to_date('10/24', 'MM/YY'), '557 Forbes Avenue', 'Philadelphia', 'PA', '8046231053', '69@pitt.edu', NULL);
INSERT INTO CUSTOMER VALUES(00000070, 'Mr', 'John', 'Brown', '6092529472117771', to_date('04/17', 'MM/YY'), '447 Oakland Avenue', 'Albany', 'NY', '5909215506', '70@pitt.edu', NULL);
INSERT INTO CUSTOMER VALUES(00000071, 'Ms', 'Rebecca', 'Brown', '7030586022578211', to_date('04/18', 'MM/YY'), '154 Oakland Avenue', 'Chicago', 'IL', '2317259532', '71@pitt.edu', '30001');
INSERT INTO CUSTOMER VALUES(00000072, 'Mrs', 'Kay', 'Stayer', '3553187226177857', to_date('06/21', 'MM/YY'), '205 McKee Street', 'Hershey', 'PA', '7507794491', '72@pitt.edu', NULL);
INSERT INTO CUSTOMER VALUES(00000073, 'Mr', 'Tim', 'Richardson', '3385072481728921', to_date('07/20', 'MM/YY'), '750 Pine Road', 'Indianapolis', 'IA', '5910682103', '73@pitt.edu', NULL);
INSERT INTO CUSTOMER VALUES(00000074, 'Mr', 'John', 'Richardson', '3300818647800763', to_date('07/25', 'MM/YY'), '564 Pine Road', 'Albany', 'NY', '8733085224', '74@pitt.edu', NULL);
INSERT INTO CUSTOMER VALUES(00000075, 'Mr', 'Jonathan', 'Stayer', '3102715931171510', to_date('06/16', 'MM/YY'), '176 McKee Street', 'Philadelphia', 'PA', '4116796542', '75@pitt.edu', NULL);
INSERT INTO CUSTOMER VALUES(00000076, 'Mr', 'Wyatt', 'Hanobik', '2119613837554732', to_date('05/21', 'MM/YY'), '498 Orchard Circle', 'Atlanta', 'GA', '3841414028', '76@pitt.edu', NULL);
INSERT INTO CUSTOMER VALUES(00000077, 'Ms', 'Rebecca', 'Jonas', '8352940609842567', to_date('02/25', 'MM/YY'), '279 Distillery Road', 'Chicago', 'IL', '0905804623', '77@pitt.edu', '30001');
INSERT INTO CUSTOMER VALUES(00000078, 'Mr', 'Adam', 'Richardson', '7379746691920097', to_date('07/20', 'MM/YY'), '528 Pine Road', 'Honolulu', 'HI', '3022678381', '78@pitt.edu', NULL);
INSERT INTO CUSTOMER VALUES(00000079, 'Ms', 'Monica', 'Tuft', '8217346511345258', to_date('06/17', 'MM/YY'), '375 Swanson Street', 'Indianapolis', 'IA', '6617630979', '79@pitt.edu', NULL);
INSERT INTO CUSTOMER VALUES(00000080, 'Ms', 'Fay', 'Miller', '5447192009972154', to_date('01/21', 'MM/YY'), '466 Main Street', 'Harrisburg', 'PA', '6861094924', '80@pitt.edu', NULL);
INSERT INTO CUSTOMER VALUES(00000081, 'Mr', 'Seth', 'McKinney', '4740867488206327', to_date('10/23', 'MM/YY'), '574 Forbes Avenue', 'Pittsburgh', 'PA', '2401876395', '81@pitt.edu', NULL);
INSERT INTO CUSTOMER VALUES(00000082, 'Mr', 'Dan', 'Roosevelt', '5071966867945893', to_date('07/23', 'MM/YY'), '774 Cathedral Road', 'Houston', 'TX', '2090068474', '82@pitt.edu', NULL);
INSERT INTO CUSTOMER VALUES(00000083, 'Ms', 'Fay', 'Gosa', '1573264227608143', to_date('11/18', 'MM/YY'), '027 Fifth Avenue', 'Harrisburg', 'PA', '6380075169', '83@pitt.edu', NULL);
INSERT INTO CUSTOMER VALUES(00000084, 'Mrs', 'Rebecca', 'Sinatra', '6898673609096861', to_date('01/17', 'MM/YY'), '490 New School Lane', 'Chicago', 'IL', '5651915109', '84@pitt.edu', '10001');
INSERT INTO CUSTOMER VALUES(00000085, 'Mr', 'Jonathan', 'Misuraca', '9749720517829037', to_date('05/21', 'MM/YY'), '073 Yuletide Road', 'Philadelphia', 'PA', '7695377313', '85@pitt.edu', NULL);
INSERT INTO CUSTOMER VALUES(00000086, 'Mr', 'Joshua', 'Stayer', '1577410975288073', to_date('06/24', 'MM/YY'), '909 McKee Street', 'Billings', 'MT', '3662119009', '86@pitt.edu', '80001');
INSERT INTO CUSTOMER VALUES(00000087, 'Ms', 'Day', 'Tuft', '7781041754497283', to_date('06/24', 'MM/YY'), '425 Swanson Street', 'Albany', 'NY', '3275277820', '87@pitt.edu', NULL);
INSERT INTO CUSTOMER VALUES(00000088, 'Ms', 'Audrey', 'Miller', '8577401533009166', to_date('01/24', 'MM/YY'), '112 Main Street', 'Columbus', 'OH', '5031790462', '88@pitt.edu', NULL);
INSERT INTO CUSTOMER VALUES(00000089, 'Mr', 'Matt', 'Sinatra', '1715460299429148', to_date('01/19', 'MM/YY'), '194 New School Lane', 'Des Moines', 'IA', '1354777384', '89@pitt.edu', '40001');
INSERT INTO CUSTOMER VALUES(00000090, 'Ms', 'Rebecca', 'Smith', '6582061701969403', to_date('02/21', 'MM/YY'), '123 Walnut Street', 'Chicago', 'IL', '5069779134', '90@pitt.edu', '50001');
INSERT INTO CUSTOMER VALUES(00000091, 'Mr', 'Seth', 'Johnson', '8169058205344944', to_date('03/20', 'MM/YY'), '355 Bigelow Boulevard', 'Pittsburgh', 'PA', '5007606366', '91@pitt.edu', NULL);
INSERT INTO CUSTOMER VALUES(00000092, 'Mr', 'Seth', 'Getz', '9803263591575527', to_date('12/24', 'MM/YY'), '018 Cherry Street', 'Pittsburgh', 'PA', '3466593503', '92@pitt.edu', NULL);
INSERT INTO CUSTOMER VALUES(00000093, 'Mr', 'Will', 'Sinatra', '2998284892946533', to_date('01/17', 'MM/YY'), '365 New School Lane', 'Tallahassee', 'FL', '3957569525', '93@pitt.edu', NULL);
INSERT INTO CUSTOMER VALUES(00000094, 'Ms', 'Gay', 'Frey', '7771749396401296', to_date('04/21', 'MM/YY'), '722 Kenyon Trail', 'York', 'PA', '6366040155', '94@pitt.edu', NULL);
INSERT INTO CUSTOMER VALUES(00000095, 'Mr', 'Caleb', 'Richardson', '7249825416190863', to_date('07/25', 'MM/YY'), '153 Pine Road', 'Los Angeles', 'CA', '2508568994', '95@pitt.edu', NULL);
INSERT INTO CUSTOMER VALUES(00000096, 'Mr', 'Tim', 'Misuraca', '1031515031499483', to_date('05/21', 'MM/YY'), '245 Yuletide Road', 'Indianapolis', 'IA', '5629809341', '96@pitt.edu', NULL);
INSERT INTO CUSTOMER VALUES(00000097, 'Mr', 'Hunter', 'Ross', '5062047248845301', to_date('08/24', 'MM/YY'), '122 Farm Lane', 'Anchorage', 'AK', '0029534375', '97@pitt.edu', '40001');
INSERT INTO CUSTOMER VALUES(00000098, 'Mr', 'Seth', 'Johnson', '4642089492146367', to_date('03/16', 'MM/YY'), '468 Bigelow Boulevard', 'Pittsburgh', 'PA', '0204966634', '98@pitt.edu', NULL);
INSERT INTO CUSTOMER VALUES(00000099, 'Mr', 'Hunter', 'Carroll', '6496561604423304', to_date('09/24', 'MM/YY'), '745 Friendship Lane', 'Anchorage', 'AK', '6794310713', '99@pitt.edu', '50001');
INSERT INTO CUSTOMER VALUES(00000100, 'Mr', 'Spencer', 'McKinney', '0954607427700860', to_date('10/24', 'MM/YY'), '469 Forbes Avenue', 'Chicago', 'IL', '1224203419', '100@pitt.edu', '50001');
INSERT INTO CUSTOMER VALUES(00000101, 'Ms', 'Kim', 'Gosa', '5415659997647814', to_date('11/20', 'MM/YY'), '497 Fifth Avenue', 'New Orleans', 'LA', '4088965612', '101@pitt.edu', NULL);
INSERT INTO CUSTOMER VALUES(00000102, 'Ms', 'Sara', 'Roosevelt', '9392765437308988', to_date('07/17', 'MM/YY'), '310 Cathedral Road', 'Houston', 'TX', '8297714410', '102@pitt.edu', NULL);
INSERT INTO CUSTOMER VALUES(00000103, 'Mr', 'Caleb', 'Miller', '9791647944832003', to_date('01/20', 'MM/YY'), '902 Main Street', 'Los Angeles', 'CA', '6937511400', '103@pitt.edu', NULL);
INSERT INTO CUSTOMER VALUES(00000104, 'Mr', 'Will', 'Getz', '1902388885829047', to_date('12/23', 'MM/YY'), '916 Cherry Street', 'Tallahassee', 'FL', '7368803738', '104@pitt.edu', NULL);
INSERT INTO CUSTOMER VALUES(00000105, 'Mrs', 'Audrey', 'Misuraca', '1790122791906894', to_date('05/23', 'MM/YY'), '542 Yuletide Road', 'Columbus', 'OH', '4577772589', '105@pitt.edu', NULL);
INSERT INTO CUSTOMER VALUES(00000106, 'Mr', 'Paul', 'Brown', '7175889425486242', to_date('04/22', 'MM/YY'), '559 Oakland Avenue', 'Columbus', 'OH', '1379383139', '106@pitt.edu', NULL);
INSERT INTO CUSTOMER VALUES(00000107, 'Mrs', 'Audrey', 'Misuraca', '3386195228995261', to_date('05/20', 'MM/YY'), '746 Yuletide Road', 'Columbus', 'OH', '2075571645', '107@pitt.edu', NULL);
INSERT INTO CUSTOMER VALUES(00000108, 'Mrs', 'Rebecca', 'Tuft', '9978980484198440', to_date('06/19', 'MM/YY'), '118 Swanson Street', 'Chicago', 'IL', '9749874189', '108@pitt.edu', '10010');
INSERT INTO CUSTOMER VALUES(00000109, 'Ms', 'Fay', 'McKinney', '8506032208206702', to_date('10/21', 'MM/YY'), '145 Forbes Avenue', 'Harrisburg', 'PA', '0953272143', '109@pitt.edu', NULL);
INSERT INTO CUSTOMER VALUES(00000110, 'Mr', 'Hunter', 'Miller', '7536388004299987', to_date('01/17', 'MM/YY'), '677 Main Street', 'Anchorage', 'AK', '3945503073', '110@pitt.edu', '10001');
INSERT INTO CUSTOMER VALUES(00000111, 'Ms', 'Lisa', 'Richardson', '9270000873503957', to_date('07/20', 'MM/YY'), '627 Pine Road', 'Los Angeles', 'CA', '8543588960', '111@pitt.edu', NULL);
INSERT INTO CUSTOMER VALUES(00000112, 'Mr', 'Spencer', 'Johnson', '4452669461972828', to_date('03/25', 'MM/YY'), '057 Bigelow Boulevard', 'Chicago', 'IL', '1055646026', '112@pitt.edu', '80001');
INSERT INTO CUSTOMER VALUES(00000113, 'Ms', 'Annie', 'Stayer', '4407119418888801', to_date('06/21', 'MM/YY'), '613 McKee Street', 'Providence', 'RI', '1850136745', '113@pitt.edu', NULL);
INSERT INTO CUSTOMER VALUES(00000114, 'Mr', 'Joshua', 'Richardson', '5327060662740491', to_date('07/18', 'MM/YY'), '949 Pine Road', 'Billings', 'MT', '8285186229', '114@pitt.edu', '60001');
INSERT INTO CUSTOMER VALUES(00000115, 'Ms', 'Gay', 'Misuraca', '8670311608612532', to_date('05/18', 'MM/YY'), '361 Yuletide Road', 'York', 'PA', '4245441126', '115@pitt.edu', NULL);
INSERT INTO CUSTOMER VALUES(00000116, 'Ms', 'Annie', 'Miller', '0947108245765652', to_date('01/20', 'MM/YY'), '246 Main Street', 'Providence', 'RI', '2408942022', '116@pitt.edu', NULL);
INSERT INTO CUSTOMER VALUES(00000117, 'Mr', 'Dan', 'Hanobik', '8631383162837944', to_date('05/21', 'MM/YY'), '960 Orchard Circle', 'Houston', 'TX', '6517230215', '117@pitt.edu', NULL);
INSERT INTO CUSTOMER VALUES(00000118, 'Mr', 'Wyatt', 'Frey', '4172762908514121', to_date('04/20', 'MM/YY'), '514 Kenyon Trail', 'Atlanta', 'GA', '6989722086', '118@pitt.edu', NULL);
INSERT INTO CUSTOMER VALUES(00000119, 'Ms', 'Emily', 'Hanobik', '1415696706865186', to_date('05/25', 'MM/YY'), '880 Orchard Circle', 'Des Moines', 'IA', '3928452215', '119@pitt.edu', '20001');
INSERT INTO CUSTOMER VALUES(00000120, 'Mrs', 'Sara', 'Sinatra', '1697180956208149', to_date('01/18', 'MM/YY'), '158 New School Lane', 'Houston', 'TX', '7806080222', '120@pitt.edu', NULL);
INSERT INTO CUSTOMER VALUES(00000121, 'Mr', 'Sam', 'Frey', '0021365605291411', to_date('04/16', 'MM/YY'), '321 Kenyon Trail', 'Boston', 'MA', '8172196825', '121@pitt.edu', NULL);
INSERT INTO CUSTOMER VALUES(00000122, 'Mr', 'Dan', 'McKinney', '2155864787856023', to_date('10/19', 'MM/YY'), '276 Forbes Avenue', 'Houston', 'TX', '2044028852', '122@pitt.edu', NULL);
INSERT INTO CUSTOMER VALUES(00000123, 'Ms', 'Fay', 'Misuraca', '7543079548339971', to_date('05/25', 'MM/YY'), '231 Yuletide Road', 'Harrisburg', 'PA', '8918252691', '123@pitt.edu', NULL);
INSERT INTO CUSTOMER VALUES(00000124, 'Mr', 'Hunter', 'Roosevelt', '5091448202333672', to_date('07/21', 'MM/YY'), '354 Cathedral Road', 'Anchorage', 'AK', '9511829946', '124@pitt.edu', '60001');
INSERT INTO CUSTOMER VALUES(00000125, 'Mrs', 'Penelope', 'Richardson', '7060738457799091', to_date('07/21', 'MM/YY'), '892 Pine Road', 'Billings', 'MT', '3487694843', '125@pitt.edu', '10010');
INSERT INTO CUSTOMER VALUES(00000126, 'Ms', 'Rebecca', 'Butcher', '8162047525651610', to_date('03/25', 'MM/YY'), '515 Memory Lane', 'Chicago', 'IL', '0431374550', '126@pitt.edu', '40001');
INSERT INTO CUSTOMER VALUES(00000127, 'Mr', 'Jesse', 'Tuft', '4033806723201579', to_date('06/16', 'MM/YY'), '961 Swanson Street', 'New Orleans', 'LA', '7821254843', '127@pitt.edu', NULL);
INSERT INTO CUSTOMER VALUES(00000128, 'Ms', 'Monica', 'Sinatra', '2285064809421226', to_date('01/17', 'MM/YY'), '496 New School Lane', 'Indianapolis', 'IA', '2401239602', '128@pitt.edu', NULL);
INSERT INTO CUSTOMER VALUES(00000129, 'Mr', 'Dan', 'Misuraca', '5347008258536308', to_date('05/16', 'MM/YY'), '760 Yuletide Road', 'Houston', 'TX', '2865492421', '129@pitt.edu', NULL);
INSERT INTO CUSTOMER VALUES(00000130, 'Mrs', 'Katie', 'Jonas', '0618438461040987', to_date('02/17', 'MM/YY'), '509 Distillery Road', 'Boston', 'MA', '5916948295', '130@pitt.edu', NULL);
INSERT INTO CUSTOMER VALUES(00000131, 'Ms', 'Breanna', 'Misuraca', '7496983499520473', to_date('05/19', 'MM/YY'), '480 Yuletide Road', 'Anchorage', 'AK', '0880109973', '131@pitt.edu', '90001');
INSERT INTO CUSTOMER VALUES(00000132, 'Mrs', 'Fay', 'Ross', '4632566301396338', to_date('08/23', 'MM/YY'), '294 Farm Lane', 'Harrisburg', 'PA', '1413789279', '132@pitt.edu', NULL);
INSERT INTO CUSTOMER VALUES(00000133, 'Mr', 'Will', 'Sinatra', '9740100773390663', to_date('01/24', 'MM/YY'), '208 New School Lane', 'Tallahassee', 'FL', '5323444513', '133@pitt.edu', NULL);
INSERT INTO CUSTOMER VALUES(00000134, 'Mr', 'Will', 'Getz', '0960335663548419', to_date('12/23', 'MM/YY'), '696 Cherry Street', 'Tallahassee', 'FL', '9814015734', '134@pitt.edu', NULL);
INSERT INTO CUSTOMER VALUES(00000135, 'Mrs', 'Rebecca', 'McKinney', '0681615094207231', to_date('10/21', 'MM/YY'), '641 Forbes Avenue', 'Chicago', 'IL', '7173329217', '135@pitt.edu', '70001');
INSERT INTO CUSTOMER VALUES(00000136, 'Mr', 'Michael', 'Richardson', '9200402230717757', to_date('07/16', 'MM/YY'), '762 Pine Road', 'Providence', 'RI', '7080188324', '136@pitt.edu', NULL);
INSERT INTO CUSTOMER VALUES(00000137, 'Mr', 'Will', 'Jonas', '3568255817964530', to_date('02/17', 'MM/YY'), '380 Distillery Road', 'Tallahassee', 'FL', '5496271083', '137@pitt.edu', NULL);
INSERT INTO CUSTOMER VALUES(00000138, 'Mr', 'Hunter', 'Richardson', '1460978079515914', to_date('07/17', 'MM/YY'), '577 Pine Road', 'Anchorage', 'AK', '0968231922', '138@pitt.edu', '10010');
INSERT INTO CUSTOMER VALUES(00000139, 'Mr', 'Tim', 'Richardson', '4013614703166748', to_date('07/20', 'MM/YY'), '217 Pine Road', 'Indianapolis', 'IA', '9079364042', '139@pitt.edu', NULL);
INSERT INTO CUSTOMER VALUES(00000140, 'Mrs', 'Martha', 'Jonas', '0470816750761864', to_date('02/19', 'MM/YY'), '857 Distillery Road', 'Honolulu', 'HI', '0889957455', '140@pitt.edu', NULL);
INSERT INTO CUSTOMER VALUES(00000141, 'Mrs', 'Fay', 'Tuft', '8354456281011335', to_date('06/25', 'MM/YY'), '486 Swanson Street', 'Harrisburg', 'PA', '2658840384', '141@pitt.edu', NULL);
INSERT INTO CUSTOMER VALUES(00000142, 'Mrs', 'Emily', 'Smith', '4829391338828163', to_date('02/21', 'MM/YY'), '678 Walnut Street', 'Des Moines', 'IA', '1417269889', '142@pitt.edu', '50001');
INSERT INTO CUSTOMER VALUES(00000143, 'Mr', 'Jesse', 'Richardson', '1659020176047015', to_date('07/16', 'MM/YY'), '627 Pine Road', 'New Orleans', 'LA', '1143889865', '143@pitt.edu', NULL);
INSERT INTO CUSTOMER VALUES(00000144, 'Ms', 'Staci', 'Ross', '0971617304797914', to_date('08/18', 'MM/YY'), '683 Farm Lane', 'Philadelphia', 'PA', '1312180528', '144@pitt.edu', NULL);
INSERT INTO CUSTOMER VALUES(00000145, 'Mr', 'Hunter', 'Stayer', '3022946793639597', to_date('06/19', 'MM/YY'), '688 McKee Street', 'Anchorage', 'AK', '2865107775', '145@pitt.edu', '70001');
INSERT INTO CUSTOMER VALUES(00000146, 'Ms', 'Day', 'Gosa', '5099412201360748', to_date('11/22', 'MM/YY'), '293 Fifth Avenue', 'Albany', 'NY', '5073073469', '146@pitt.edu', NULL);
INSERT INTO CUSTOMER VALUES(00000147, 'Mr', 'Hunter', 'McKinney', '1975775613294742', to_date('10/20', 'MM/YY'), '387 Forbes Avenue', 'Anchorage', 'AK', '7231496059', '147@pitt.edu', '70001');
INSERT INTO CUSTOMER VALUES(00000148, 'Mr', 'Jonathan', 'McKinney', '7069971875337311', to_date('10/25', 'MM/YY'), '765 Forbes Avenue', 'Philadelphia', 'PA', '6374767996', '148@pitt.edu', NULL);
INSERT INTO CUSTOMER VALUES(00000149, 'Mr', 'Adam', 'Gosa', '1423874250589501', to_date('11/24', 'MM/YY'), '855 Fifth Avenue', 'Honolulu', 'HI', '0256093990', '149@pitt.edu', NULL);
INSERT INTO CUSTOMER VALUES(00000150, 'Ms', 'Martha', 'Misuraca', '7589094685239671', to_date('05/17', 'MM/YY'), '689 Yuletide Road', 'Honolulu', 'HI', '7017958635', '150@pitt.edu', NULL);
INSERT INTO CUSTOMER VALUES(00000151, 'Mr', 'Hunter', 'Frey', '1011588177074101', to_date('04/24', 'MM/YY'), '908 Kenyon Trail', 'Anchorage', 'AK', '9447930617', '151@pitt.edu', '30001');
INSERT INTO CUSTOMER VALUES(00000152, 'Ms', 'Jessica', 'Stayer', '4200834896601973', to_date('06/17', 'MM/YY'), '331 McKee Street', 'Atlanta', 'GA', '3649264246', '152@pitt.edu', NULL);
INSERT INTO CUSTOMER VALUES(00000153, 'Mr', 'Sam', 'Johnson', '4707942277818822', to_date('03/21', 'MM/YY'), '279 Bigelow Boulevard', 'Boston', 'MA', '8823846642', '153@pitt.edu', NULL);
INSERT INTO CUSTOMER VALUES(00000154, 'Mrs', 'Kay', 'Misuraca', '7728610314231816', to_date('05/22', 'MM/YY'), '868 Yuletide Road', 'Hershey', 'PA', '5864836146', '154@pitt.edu', NULL);
INSERT INTO CUSTOMER VALUES(00000155, 'Mrs', 'Emily', 'Stevenson', '7402339701607970', to_date('08/21', 'MM/YY'), '191 West Avenue', 'Des Moines', 'IA', '8846061832', '155@pitt.edu', '80001');
INSERT INTO CUSTOMER VALUES(00000156, 'Mrs', 'Gay', 'Brown', '4504692868365684', to_date('04/25', 'MM/YY'), '428 Oakland Avenue', 'York', 'PA', '9603483688', '156@pitt.edu', NULL);
INSERT INTO CUSTOMER VALUES(00000157, 'Mr', 'Hunter', 'Gosa', '4315458379633217', to_date('11/22', 'MM/YY'), '494 Fifth Avenue', 'Anchorage', 'AK', '8042289436', '157@pitt.edu', '90001');
INSERT INTO CUSTOMER VALUES(00000158, 'Ms', 'Penelope', 'Jonas', '2957634565726032', to_date('02/20', 'MM/YY'), '546 Distillery Road', 'Billings', 'MT', '4138214076', '158@pitt.edu', '40001');
INSERT INTO CUSTOMER VALUES(00000159, 'Mr', 'Spencer', 'Carroll', '2505738668745668', to_date('09/18', 'MM/YY'), '659 Friendship Lane', 'Chicago', 'IL', '1750553648', '159@pitt.edu', '30001');
INSERT INTO CUSTOMER VALUES(00000160, 'Ms', 'Audrey', 'Richardson', '7248286405634639', to_date('07/18', 'MM/YY'), '332 Pine Road', 'Columbus', 'OH', '2739790629', '160@pitt.edu', NULL);
INSERT INTO CUSTOMER VALUES(00000161, 'Mr', 'Michael', 'Tuft', '5542692985163071', to_date('06/19', 'MM/YY'), '659 Swanson Street', 'Providence', 'RI', '4709057580', '161@pitt.edu', NULL);
INSERT INTO CUSTOMER VALUES(00000162, 'Mr', 'Adam', 'Roosevelt', '9824948680523329', to_date('07/20', 'MM/YY'), '640 Cathedral Road', 'Honolulu', 'HI', '1790508291', '162@pitt.edu', NULL);
INSERT INTO CUSTOMER VALUES(00000163, 'Mrs', 'Monica', 'Jonas', '7380496582562872', to_date('02/22', 'MM/YY'), '846 Distillery Road', 'Indianapolis', 'IA', '3179673994', '163@pitt.edu', NULL);
INSERT INTO CUSTOMER VALUES(00000164, 'Mr', 'Paul', 'Tuft', '0483283696235563', to_date('06/22', 'MM/YY'), '706 Swanson Street', 'Columbus', 'OH', '1707579380', '164@pitt.edu', NULL);
INSERT INTO CUSTOMER VALUES(00000165, 'Mrs', 'Monica', 'Jonas', '4734160185908841', to_date('02/18', 'MM/YY'), '989 Distillery Road', 'Indianapolis', 'IA', '5771383272', '165@pitt.edu', NULL);
INSERT INTO CUSTOMER VALUES(00000166, 'Mrs', 'Kay', 'Carroll', '4344068484423623', to_date('09/24', 'MM/YY'), '470 Friendship Lane', 'Hershey', 'PA', '2719030248', '166@pitt.edu', NULL);
INSERT INTO CUSTOMER VALUES(00000167, 'Mr', 'Michael', 'Misuraca', '9917726363498158', to_date('05/16', 'MM/YY'), '410 Yuletide Road', 'Providence', 'RI', '8389635915', '167@pitt.edu', NULL);
INSERT INTO CUSTOMER VALUES(00000168, 'Mr', 'Hunter', 'Butcher', '5897997276973341', to_date('03/21', 'MM/YY'), '036 Memory Lane', 'Anchorage', 'AK', '4882991032', '168@pitt.edu', '50001');
INSERT INTO CUSTOMER VALUES(00000169, 'Ms', 'Day', 'Jonas', '8973353296889250', to_date('02/17', 'MM/YY'), '068 Distillery Road', 'Albany', 'NY', '6045802069', '169@pitt.edu', NULL);
INSERT INTO CUSTOMER VALUES(00000170, 'Mr', 'Mark', 'Butcher', '7359973028163416', to_date('03/23', 'MM/YY'), '983 Memory Lane', 'Harrisburg', 'PA', '4203567281', '170@pitt.edu', NULL);
INSERT INTO CUSTOMER VALUES(00000171, 'Ms', 'Penelope', 'Carroll', '2865216281964375', to_date('09/23', 'MM/YY'), '259 Friendship Lane', 'Billings', 'MT', '2501796324', '171@pitt.edu', '40001');
INSERT INTO CUSTOMER VALUES(00000172, 'Mrs', 'Kay', 'Brown', '9798715508235178', to_date('04/17', 'MM/YY'), '903 Oakland Avenue', 'Hershey', 'PA', '0221296660', '172@pitt.edu', NULL);
INSERT INTO CUSTOMER VALUES(00000173, 'Ms', 'Martha', 'Carroll', '0400388534613297', to_date('09/18', 'MM/YY'), '507 Friendship Lane', 'Honolulu', 'HI', '5677716458', '173@pitt.edu', NULL);
INSERT INTO CUSTOMER VALUES(00000174, 'Mr', 'Michael', 'Richardson', '6581900915693037', to_date('07/23', 'MM/YY'), '797 Pine Road', 'Providence', 'RI', '2820461349', '174@pitt.edu', NULL);
INSERT INTO CUSTOMER VALUES(00000175, 'Mr', 'Paul', 'Misuraca', '4331067701430437', to_date('05/24', 'MM/YY'), '617 Yuletide Road', 'Columbus', 'OH', '9029406135', '175@pitt.edu', NULL);
INSERT INTO CUSTOMER VALUES(00000176, 'Mr', 'Sam', 'Stevenson', '5478753380011187', to_date('08/19', 'MM/YY'), '610 West Avenue', 'Boston', 'MA', '6374469771', '176@pitt.edu', NULL);
INSERT INTO CUSTOMER VALUES(00000177, 'Mr', 'Wyatt', 'McKinney', '5141390310499287', to_date('10/18', 'MM/YY'), '396 Forbes Avenue', 'Atlanta', 'GA', '4547473010', '177@pitt.edu', NULL);
INSERT INTO CUSTOMER VALUES(00000178, 'Ms', 'Day', 'Richardson', '9913663382935361', to_date('07/16', 'MM/YY'), '470 Pine Road', 'Albany', 'NY', '9088578584', '178@pitt.edu', NULL);
INSERT INTO CUSTOMER VALUES(00000179, 'Ms', 'Kay', 'McKinney', '8970425234510609', to_date('10/23', 'MM/YY'), '085 Forbes Avenue', 'Hershey', 'PA', '0546319452', '179@pitt.edu', NULL);
INSERT INTO CUSTOMER VALUES(00000180, 'Ms', 'Monica', 'Getz', '6565100511828102', to_date('12/20', 'MM/YY'), '466 Cherry Street', 'Indianapolis', 'IA', '5310603593', '180@pitt.edu', NULL);
INSERT INTO CUSTOMER VALUES(00000181, 'Mr', 'Jesse', 'Carroll', '2364583858140291', to_date('09/16', 'MM/YY'), '056 Friendship Lane', 'New Orleans', 'LA', '4114216819', '181@pitt.edu', NULL);
INSERT INTO CUSTOMER VALUES(00000182, 'Ms', 'Breanna', 'Smith', '1263266297041290', to_date('02/17', 'MM/YY'), '172 Walnut Street', 'Anchorage', 'AK', '8855613620', '182@pitt.edu', '90001');
INSERT INTO CUSTOMER VALUES(00000183, 'Mr', 'Joshua', 'Roosevelt', '9151604545640914', to_date('07/19', 'MM/YY'), '277 Cathedral Road', 'Billings', 'MT', '1699209663', '183@pitt.edu', '90001');
INSERT INTO CUSTOMER VALUES(00000184, 'Mr', 'Jesse', 'Johnson', '2419417984371109', to_date('03/24', 'MM/YY'), '590 Bigelow Boulevard', 'New Orleans', 'LA', '0501636337', '184@pitt.edu', NULL);
INSERT INTO CUSTOMER VALUES(00000185, 'Mr', 'Steve', 'Richardson', '7453257140635244', to_date('07/21', 'MM/YY'), '434 Pine Road', 'Hershey', 'PA', '7487302248', '185@pitt.edu', NULL);
INSERT INTO CUSTOMER VALUES(00000186, 'Mr', 'Jesse', 'Roosevelt', '8769446460093840', to_date('07/19', 'MM/YY'), '470 Cathedral Road', 'New Orleans', 'LA', '3633811427', '186@pitt.edu', NULL);
INSERT INTO CUSTOMER VALUES(00000187, 'Mr', 'Will', 'Stayer', '9520868151587346', to_date('06/22', 'MM/YY'), '442 McKee Street', 'Tallahassee', 'FL', '0959528259', '187@pitt.edu', NULL);
INSERT INTO CUSTOMER VALUES(00000188, 'Ms', 'Penelope', 'Misuraca', '1732660689409408', to_date('05/25', 'MM/YY'), '224 Yuletide Road', 'Billings', 'MT', '8650661552', '188@pitt.edu', '80001');
INSERT INTO CUSTOMER VALUES(00000189, 'Ms', 'Sara', 'Gosa', '0973297881319311', to_date('11/17', 'MM/YY'), '418 Fifth Avenue', 'Houston', 'TX', '5850742474', '189@pitt.edu', NULL);
INSERT INTO CUSTOMER VALUES(00000190, 'Mr', 'Steve', 'Butcher', '6186155566982386', to_date('03/21', 'MM/YY'), '394 Memory Lane', 'Hershey', 'PA', '2698806292', '190@pitt.edu', NULL);
INSERT INTO CUSTOMER VALUES(00000191, 'Mrs', 'Monica', 'Roosevelt', '5601274400403984', to_date('07/17', 'MM/YY'), '029 Cathedral Road', 'Indianapolis', 'IA', '2172599009', '191@pitt.edu', NULL);
INSERT INTO CUSTOMER VALUES(00000192, 'Mr', 'Michael', 'Jonas', '7905149067611479', to_date('02/24', 'MM/YY'), '863 Distillery Road', 'Providence', 'RI', '4900780374', '192@pitt.edu', NULL);
INSERT INTO CUSTOMER VALUES(00000193, 'Mr', 'Mark', 'Jonas', '8530594830596851', to_date('02/25', 'MM/YY'), '861 Distillery Road', 'Harrisburg', 'PA', '0102285067', '193@pitt.edu', NULL);
INSERT INTO CUSTOMER VALUES(00000194, 'Ms', 'Katie', 'Stevenson', '8419109954315446', to_date('08/21', 'MM/YY'), '251 West Avenue', 'Boston', 'MA', '6694913466', '194@pitt.edu', NULL);
INSERT INTO CUSTOMER VALUES(00000195, 'Mr', 'Seth', 'Misuraca', '4233230488091064', to_date('05/16', 'MM/YY'), '196 Yuletide Road', 'Pittsburgh', 'PA', '7344388658', '195@pitt.edu', NULL);
INSERT INTO CUSTOMER VALUES(00000196, 'Mrs', 'Jessica', 'Richardson', '6532467464894053', to_date('07/24', 'MM/YY'), '509 Pine Road', 'Atlanta', 'GA', '2430709999', '196@pitt.edu', NULL);
INSERT INTO CUSTOMER VALUES(00000197, 'Mr', 'Matt', 'Jonas', '5550394771771901', to_date('02/18', 'MM/YY'), '955 Distillery Road', 'Des Moines', 'IA', '6701118216', '197@pitt.edu', '60001');
INSERT INTO CUSTOMER VALUES(00000198, 'Ms', 'Rebecca', 'Misuraca', '9283275573638918', to_date('05/21', 'MM/YY'), '357 Yuletide Road', 'Chicago', 'IL', '1645580139', '198@pitt.edu', '10001');
INSERT INTO CUSTOMER VALUES(00000199, 'Mrs', 'Sara', 'Tuft', '8277529445604492', to_date('06/22', 'MM/YY'), '137 Swanson Street', 'Houston', 'TX', '8179698930', '199@pitt.edu', NULL);
INSERT INTO CUSTOMER VALUES(00000200, 'Mr', 'Adam', 'Richardson', '9170836930009156', to_date('07/20', 'MM/YY'), '071 Pine Road', 'Honolulu', 'HI', '5500125365', '200@pitt.edu', NULL);

INSERT INTO AIRLINE VALUES ('00001', 'Allegiant Air', 'AAY', 1997);
INSERT INTO AIRLINE VALUES ('00002', 'American Airlines', 'AAL', 1934);
INSERT INTO AIRLINE VALUES ('00003', 'Delta Air Lines', 'DAL', 1924);
INSERT INTO AIRLINE VALUES ('00004', 'Frontier Airlines', 'FFT', 1994);
INSERT INTO AIRLINE VALUES ('00005', 'JetBlue Airways', 'JBU', 1998);
INSERT INTO AIRLINE VALUES ('00006', 'Southwest Airlines', 'SWA', 1967);
INSERT INTO AIRLINE VALUES ('00007', 'Spirit Airlines', 'NKS', 1980);
INSERT INTO AIRLINE VALUES ('00008', 'Sun Country Airlines', 'SCX', 1982);
INSERT INTO AIRLINE VALUES ('00009', 'United Airlines', 'UAL', 1926);
INSERT INTO AIRLINE VALUES ('00010', 'Virgin America', 'VRD', 2004);

INSERT INTO PRICE VALUES ('PIT', 'IND', '00001', '259', '120');
INSERT INTO PRICE VALUES ('PIT', 'SAN', '00001', '297', '56');
INSERT INTO PRICE VALUES ('PIT', 'MCO', '00001', '153', '70');
INSERT INTO PRICE VALUES ('PIT', 'LAS', '00001', '298', '147');
INSERT INTO PRICE VALUES ('PIT', 'JFK', '00001', '237', '79');
INSERT INTO PRICE VALUES ('PIT', 'MIA', '00001', '169', '65');
INSERT INTO PRICE VALUES ('PIT', 'BWI', '00001', '236', '111');
INSERT INTO PRICE VALUES ('IND', 'PIT', '00001', '214', '144');
INSERT INTO PRICE VALUES ('IND', 'SAN', '00001', '201', '109');
INSERT INTO PRICE VALUES ('IND', 'MCO', '00001', '257', '94');
INSERT INTO PRICE VALUES ('IND', 'LAS', '00001', '273', '134');
INSERT INTO PRICE VALUES ('IND', 'JFK', '00001', '163', '78');
INSERT INTO PRICE VALUES ('IND', 'MIA', '00001', '229', '112');
INSERT INTO PRICE VALUES ('IND', 'BWI', '00001', '177', '140');
INSERT INTO PRICE VALUES ('SAN', 'PIT', '00001', '200', '107');
INSERT INTO PRICE VALUES ('SAN', 'IND', '00001', '297', '139');
INSERT INTO PRICE VALUES ('SAN', 'MCO', '00001', '258', '80');
INSERT INTO PRICE VALUES ('SAN', 'LAS', '00001', '264', '122');
INSERT INTO PRICE VALUES ('SAN', 'JFK', '00001', '162', '90');
INSERT INTO PRICE VALUES ('SAN', 'MIA', '00001', '199', '130');
INSERT INTO PRICE VALUES ('SAN', 'BWI', '00001', '162', '100');
INSERT INTO PRICE VALUES ('MCO', 'PIT', '00001', '150', '87');
INSERT INTO PRICE VALUES ('MCO', 'IND', '00001', '279', '145');
INSERT INTO PRICE VALUES ('MCO', 'SAN', '00001', '298', '67');
INSERT INTO PRICE VALUES ('MCO', 'LAS', '00001', '179', '67');
INSERT INTO PRICE VALUES ('MCO', 'JFK', '00001', '289', '76');
INSERT INTO PRICE VALUES ('MCO', 'MIA', '00001', '194', '128');
INSERT INTO PRICE VALUES ('MCO', 'BWI', '00001', '181', '140');
INSERT INTO PRICE VALUES ('LAS', 'PIT', '00001', '189', '139');
INSERT INTO PRICE VALUES ('LAS', 'IND', '00001', '219', '62');
INSERT INTO PRICE VALUES ('LAS', 'SAN', '00001', '300', '110');
INSERT INTO PRICE VALUES ('LAS', 'MCO', '00001', '233', '51');
INSERT INTO PRICE VALUES ('LAS', 'JFK', '00001', '154', '110');
INSERT INTO PRICE VALUES ('LAS', 'MIA', '00001', '264', '125');
INSERT INTO PRICE VALUES ('LAS', 'BWI', '00001', '174', '63');
INSERT INTO PRICE VALUES ('JFK', 'PIT', '00001', '277', '118');
INSERT INTO PRICE VALUES ('JFK', 'IND', '00001', '153', '105');
INSERT INTO PRICE VALUES ('JFK', 'SAN', '00001', '169', '57');
INSERT INTO PRICE VALUES ('JFK', 'MCO', '00001', '289', '125');
INSERT INTO PRICE VALUES ('JFK', 'LAS', '00001', '205', '119');
INSERT INTO PRICE VALUES ('JFK', 'MIA', '00001', '242', '74');
INSERT INTO PRICE VALUES ('JFK', 'BWI', '00001', '245', '76');
INSERT INTO PRICE VALUES ('MIA', 'PIT', '00001', '189', '108');
INSERT INTO PRICE VALUES ('MIA', 'IND', '00001', '256', '79');
INSERT INTO PRICE VALUES ('MIA', 'SAN', '00001', '216', '109');
INSERT INTO PRICE VALUES ('MIA', 'MCO', '00001', '227', '146');
INSERT INTO PRICE VALUES ('MIA', 'LAS', '00001', '194', '79');
INSERT INTO PRICE VALUES ('MIA', 'JFK', '00001', '274', '147');
INSERT INTO PRICE VALUES ('MIA', 'BWI', '00001', '219', '126');
INSERT INTO PRICE VALUES ('BWI', 'PIT', '00001', '160', '117');
INSERT INTO PRICE VALUES ('BWI', 'IND', '00001', '253', '82');
INSERT INTO PRICE VALUES ('BWI', 'SAN', '00001', '181', '134');
INSERT INTO PRICE VALUES ('BWI', 'MCO', '00001', '237', '97');
INSERT INTO PRICE VALUES ('BWI', 'LAS', '00001', '220', '116');
INSERT INTO PRICE VALUES ('BWI', 'JFK', '00001', '157', '125');
INSERT INTO PRICE VALUES ('BWI', 'MIA', '00001', '203', '94');
INSERT INTO PRICE VALUES ('PIT', 'IND', '00002', '267', '59');
INSERT INTO PRICE VALUES ('PIT', 'SAN', '00002', '200', '72');
INSERT INTO PRICE VALUES ('PIT', 'MCO', '00002', '292', '114');
INSERT INTO PRICE VALUES ('PIT', 'LAS', '00002', '180', '60');
INSERT INTO PRICE VALUES ('PIT', 'JFK', '00002', '160', '123');
INSERT INTO PRICE VALUES ('PIT', 'MIA', '00002', '255', '104');
INSERT INTO PRICE VALUES ('PIT', 'BWI', '00002', '279', '121');
INSERT INTO PRICE VALUES ('IND', 'PIT', '00002', '258', '74');
INSERT INTO PRICE VALUES ('IND', 'SAN', '00002', '196', '131');
INSERT INTO PRICE VALUES ('IND', 'MCO', '00002', '190', '108');
INSERT INTO PRICE VALUES ('IND', 'LAS', '00002', '154', '60');
INSERT INTO PRICE VALUES ('IND', 'JFK', '00002', '237', '110');
INSERT INTO PRICE VALUES ('IND', 'MIA', '00002', '156', '109');
INSERT INTO PRICE VALUES ('IND', 'BWI', '00002', '193', '125');
INSERT INTO PRICE VALUES ('SAN', 'PIT', '00002', '242', '105');
INSERT INTO PRICE VALUES ('SAN', 'IND', '00002', '178', '126');
INSERT INTO PRICE VALUES ('SAN', 'MCO', '00002', '190', '74');
INSERT INTO PRICE VALUES ('SAN', 'LAS', '00002', '186', '78');
INSERT INTO PRICE VALUES ('SAN', 'JFK', '00002', '228', '70');
INSERT INTO PRICE VALUES ('SAN', 'MIA', '00002', '246', '142');
INSERT INTO PRICE VALUES ('SAN', 'BWI', '00002', '183', '123');
INSERT INTO PRICE VALUES ('MCO', 'PIT', '00002', '248', '104');
INSERT INTO PRICE VALUES ('MCO', 'IND', '00002', '196', '125');
INSERT INTO PRICE VALUES ('MCO', 'SAN', '00002', '267', '146');
INSERT INTO PRICE VALUES ('MCO', 'LAS', '00002', '205', '71');
INSERT INTO PRICE VALUES ('MCO', 'JFK', '00002', '206', '83');
INSERT INTO PRICE VALUES ('MCO', 'MIA', '00002', '219', '117');
INSERT INTO PRICE VALUES ('MCO', 'BWI', '00002', '228', '83');
INSERT INTO PRICE VALUES ('LAS', 'PIT', '00002', '178', '125');
INSERT INTO PRICE VALUES ('LAS', 'IND', '00002', '300', '119');
INSERT INTO PRICE VALUES ('LAS', 'SAN', '00002', '196', '53');
INSERT INTO PRICE VALUES ('LAS', 'MCO', '00002', '156', '88');
INSERT INTO PRICE VALUES ('LAS', 'JFK', '00002', '184', '52');
INSERT INTO PRICE VALUES ('LAS', 'MIA', '00002', '197', '69');
INSERT INTO PRICE VALUES ('LAS', 'BWI', '00002', '216', '88');
INSERT INTO PRICE VALUES ('JFK', 'PIT', '00002', '153', '109');
INSERT INTO PRICE VALUES ('JFK', 'IND', '00002', '155', '87');
INSERT INTO PRICE VALUES ('JFK', 'SAN', '00002', '269', '69');
INSERT INTO PRICE VALUES ('JFK', 'MCO', '00002', '238', '79');
INSERT INTO PRICE VALUES ('JFK', 'LAS', '00002', '192', '106');
INSERT INTO PRICE VALUES ('JFK', 'MIA', '00002', '217', '50');
INSERT INTO PRICE VALUES ('JFK', 'BWI', '00002', '172', '138');
INSERT INTO PRICE VALUES ('MIA', 'PIT', '00002', '282', '108');
INSERT INTO PRICE VALUES ('MIA', 'IND', '00002', '288', '77');
INSERT INTO PRICE VALUES ('MIA', 'SAN', '00002', '231', '100');
INSERT INTO PRICE VALUES ('MIA', 'MCO', '00002', '272', '123');
INSERT INTO PRICE VALUES ('MIA', 'LAS', '00002', '285', '91');
INSERT INTO PRICE VALUES ('MIA', 'JFK', '00002', '230', '51');
INSERT INTO PRICE VALUES ('MIA', 'BWI', '00002', '246', '148');
INSERT INTO PRICE VALUES ('BWI', 'PIT', '00002', '259', '65');
INSERT INTO PRICE VALUES ('BWI', 'IND', '00002', '159', '106');
INSERT INTO PRICE VALUES ('BWI', 'SAN', '00002', '179', '125');
INSERT INTO PRICE VALUES ('BWI', 'MCO', '00002', '273', '90');
INSERT INTO PRICE VALUES ('BWI', 'LAS', '00002', '276', '71');
INSERT INTO PRICE VALUES ('BWI', 'JFK', '00002', '245', '84');
INSERT INTO PRICE VALUES ('BWI', 'MIA', '00002', '181', '68');
INSERT INTO PRICE VALUES ('PIT', 'IND', '00003', '228', '72');
INSERT INTO PRICE VALUES ('PIT', 'SAN', '00003', '192', '87');
INSERT INTO PRICE VALUES ('PIT', 'MCO', '00003', '208', '66');
INSERT INTO PRICE VALUES ('PIT', 'LAS', '00003', '237', '74');
INSERT INTO PRICE VALUES ('PIT', 'JFK', '00003', '263', '75');
INSERT INTO PRICE VALUES ('PIT', 'MIA', '00003', '187', '86');
INSERT INTO PRICE VALUES ('PIT', 'BWI', '00003', '151', '115');
INSERT INTO PRICE VALUES ('IND', 'PIT', '00003', '284', '121');
INSERT INTO PRICE VALUES ('IND', 'SAN', '00003', '278', '127');
INSERT INTO PRICE VALUES ('IND', 'MCO', '00003', '165', '127');
INSERT INTO PRICE VALUES ('IND', 'LAS', '00003', '260', '94');
INSERT INTO PRICE VALUES ('IND', 'JFK', '00003', '178', '50');
INSERT INTO PRICE VALUES ('IND', 'MIA', '00003', '226', '52');
INSERT INTO PRICE VALUES ('IND', 'BWI', '00003', '185', '57');
INSERT INTO PRICE VALUES ('SAN', 'PIT', '00003', '174', '78');
INSERT INTO PRICE VALUES ('SAN', 'IND', '00003', '199', '126');
INSERT INTO PRICE VALUES ('SAN', 'MCO', '00003', '195', '121');
INSERT INTO PRICE VALUES ('SAN', 'LAS', '00003', '166', '78');
INSERT INTO PRICE VALUES ('SAN', 'JFK', '00003', '249', '62');
INSERT INTO PRICE VALUES ('SAN', 'MIA', '00003', '212', '127');
INSERT INTO PRICE VALUES ('SAN', 'BWI', '00003', '183', '142');
INSERT INTO PRICE VALUES ('MCO', 'PIT', '00003', '256', '89');
INSERT INTO PRICE VALUES ('MCO', 'IND', '00003', '163', '57');
INSERT INTO PRICE VALUES ('MCO', 'SAN', '00003', '216', '63');
INSERT INTO PRICE VALUES ('MCO', 'LAS', '00003', '181', '76');
INSERT INTO PRICE VALUES ('MCO', 'JFK', '00003', '166', '86');
INSERT INTO PRICE VALUES ('MCO', 'MIA', '00003', '286', '123');
INSERT INTO PRICE VALUES ('MCO', 'BWI', '00003', '171', '114');
INSERT INTO PRICE VALUES ('LAS', 'PIT', '00003', '212', '75');
INSERT INTO PRICE VALUES ('LAS', 'IND', '00003', '266', '144');
INSERT INTO PRICE VALUES ('LAS', 'SAN', '00003', '270', '144');
INSERT INTO PRICE VALUES ('LAS', 'MCO', '00003', '185', '139');
INSERT INTO PRICE VALUES ('LAS', 'JFK', '00003', '220', '83');
INSERT INTO PRICE VALUES ('LAS', 'MIA', '00003', '276', '136');
INSERT INTO PRICE VALUES ('LAS', 'BWI', '00003', '217', '116');
INSERT INTO PRICE VALUES ('JFK', 'PIT', '00003', '270', '112');
INSERT INTO PRICE VALUES ('JFK', 'IND', '00003', '160', '66');
INSERT INTO PRICE VALUES ('JFK', 'SAN', '00003', '296', '101');
INSERT INTO PRICE VALUES ('JFK', 'MCO', '00003', '192', '52');
INSERT INTO PRICE VALUES ('JFK', 'LAS', '00003', '220', '79');
INSERT INTO PRICE VALUES ('JFK', 'MIA', '00003', '201', '103');
INSERT INTO PRICE VALUES ('JFK', 'BWI', '00003', '152', '89');
INSERT INTO PRICE VALUES ('MIA', 'PIT', '00003', '237', '93');
INSERT INTO PRICE VALUES ('MIA', 'IND', '00003', '157', '95');
INSERT INTO PRICE VALUES ('MIA', 'SAN', '00003', '294', '67');
INSERT INTO PRICE VALUES ('MIA', 'MCO', '00003', '198', '51');
INSERT INTO PRICE VALUES ('MIA', 'LAS', '00003', '230', '138');
INSERT INTO PRICE VALUES ('MIA', 'JFK', '00003', '186', '56');
INSERT INTO PRICE VALUES ('MIA', 'BWI', '00003', '218', '81');
INSERT INTO PRICE VALUES ('BWI', 'PIT', '00003', '281', '99');
INSERT INTO PRICE VALUES ('BWI', 'IND', '00003', '289', '149');
INSERT INTO PRICE VALUES ('BWI', 'SAN', '00003', '188', '79');
INSERT INTO PRICE VALUES ('BWI', 'MCO', '00003', '151', '68');
INSERT INTO PRICE VALUES ('BWI', 'LAS', '00003', '194', '101');
INSERT INTO PRICE VALUES ('BWI', 'JFK', '00003', '217', '90');
INSERT INTO PRICE VALUES ('BWI', 'MIA', '00003', '165', '122');
INSERT INTO PRICE VALUES ('PIT', 'IND', '00004', '194', '78');
INSERT INTO PRICE VALUES ('PIT', 'SAN', '00004', '200', '107');
INSERT INTO PRICE VALUES ('PIT', 'MCO', '00004', '245', '91');
INSERT INTO PRICE VALUES ('PIT', 'LAS', '00004', '250', '60');
INSERT INTO PRICE VALUES ('PIT', 'JFK', '00004', '184', '88');
INSERT INTO PRICE VALUES ('PIT', 'MIA', '00004', '175', '51');
INSERT INTO PRICE VALUES ('PIT', 'BWI', '00004', '281', '134');
INSERT INTO PRICE VALUES ('IND', 'PIT', '00004', '164', '124');
INSERT INTO PRICE VALUES ('IND', 'SAN', '00004', '225', '69');
INSERT INTO PRICE VALUES ('IND', 'MCO', '00004', '199', '120');
INSERT INTO PRICE VALUES ('IND', 'LAS', '00004', '294', '81');
INSERT INTO PRICE VALUES ('IND', 'JFK', '00004', '167', '118');
INSERT INTO PRICE VALUES ('IND', 'MIA', '00004', '207', '66');
INSERT INTO PRICE VALUES ('IND', 'BWI', '00004', '274', '142');
INSERT INTO PRICE VALUES ('SAN', 'PIT', '00004', '164', '75');
INSERT INTO PRICE VALUES ('SAN', 'IND', '00004', '266', '126');
INSERT INTO PRICE VALUES ('SAN', 'MCO', '00004', '234', '85');
INSERT INTO PRICE VALUES ('SAN', 'LAS', '00004', '225', '61');
INSERT INTO PRICE VALUES ('SAN', 'JFK', '00004', '206', '115');
INSERT INTO PRICE VALUES ('SAN', 'MIA', '00004', '200', '64');
INSERT INTO PRICE VALUES ('SAN', 'BWI', '00004', '239', '108');
INSERT INTO PRICE VALUES ('MCO', 'PIT', '00004', '279', '62');
INSERT INTO PRICE VALUES ('MCO', 'IND', '00004', '180', '125');
INSERT INTO PRICE VALUES ('MCO', 'SAN', '00004', '209', '82');
INSERT INTO PRICE VALUES ('MCO', 'LAS', '00004', '203', '65');
INSERT INTO PRICE VALUES ('MCO', 'JFK', '00004', '187', '59');
INSERT INTO PRICE VALUES ('MCO', 'MIA', '00004', '217', '73');
INSERT INTO PRICE VALUES ('MCO', 'BWI', '00004', '166', '54');
INSERT INTO PRICE VALUES ('LAS', 'PIT', '00004', '206', '148');
INSERT INTO PRICE VALUES ('LAS', 'IND', '00004', '248', '82');
INSERT INTO PRICE VALUES ('LAS', 'SAN', '00004', '177', '116');
INSERT INTO PRICE VALUES ('LAS', 'MCO', '00004', '175', '119');
INSERT INTO PRICE VALUES ('LAS', 'JFK', '00004', '285', '148');
INSERT INTO PRICE VALUES ('LAS', 'MIA', '00004', '218', '142');
INSERT INTO PRICE VALUES ('LAS', 'BWI', '00004', '166', '64');
INSERT INTO PRICE VALUES ('JFK', 'PIT', '00004', '189', '76');
INSERT INTO PRICE VALUES ('JFK', 'IND', '00004', '213', '138');
INSERT INTO PRICE VALUES ('JFK', 'SAN', '00004', '161', '124');
INSERT INTO PRICE VALUES ('JFK', 'MCO', '00004', '192', '120');
INSERT INTO PRICE VALUES ('JFK', 'LAS', '00004', '233', '76');
INSERT INTO PRICE VALUES ('JFK', 'MIA', '00004', '232', '150');
INSERT INTO PRICE VALUES ('JFK', 'BWI', '00004', '248', '137');
INSERT INTO PRICE VALUES ('MIA', 'PIT', '00004', '247', '95');
INSERT INTO PRICE VALUES ('MIA', 'IND', '00004', '164', '116');
INSERT INTO PRICE VALUES ('MIA', 'SAN', '00004', '283', '114');
INSERT INTO PRICE VALUES ('MIA', 'MCO', '00004', '173', '75');
INSERT INTO PRICE VALUES ('MIA', 'LAS', '00004', '206', '107');
INSERT INTO PRICE VALUES ('MIA', 'JFK', '00004', '204', '141');
INSERT INTO PRICE VALUES ('MIA', 'BWI', '00004', '286', '100');
INSERT INTO PRICE VALUES ('BWI', 'PIT', '00004', '226', '128');
INSERT INTO PRICE VALUES ('BWI', 'IND', '00004', '298', '50');
INSERT INTO PRICE VALUES ('BWI', 'SAN', '00004', '263', '139');
INSERT INTO PRICE VALUES ('BWI', 'MCO', '00004', '165', '82');
INSERT INTO PRICE VALUES ('BWI', 'LAS', '00004', '272', '112');
INSERT INTO PRICE VALUES ('BWI', 'JFK', '00004', '253', '126');
INSERT INTO PRICE VALUES ('BWI', 'MIA', '00004', '179', '146');
INSERT INTO PRICE VALUES ('PIT', 'IND', '00005', '214', '127');
INSERT INTO PRICE VALUES ('PIT', 'SAN', '00005', '262', '141');
INSERT INTO PRICE VALUES ('PIT', 'MCO', '00005', '162', '81');
INSERT INTO PRICE VALUES ('PIT', 'LAS', '00005', '188', '107');
INSERT INTO PRICE VALUES ('PIT', 'JFK', '00005', '167', '106');
INSERT INTO PRICE VALUES ('PIT', 'MIA', '00005', '189', '81');
INSERT INTO PRICE VALUES ('PIT', 'BWI', '00005', '292', '125');
INSERT INTO PRICE VALUES ('IND', 'PIT', '00005', '246', '126');
INSERT INTO PRICE VALUES ('IND', 'SAN', '00005', '229', '127');
INSERT INTO PRICE VALUES ('IND', 'MCO', '00005', '210', '79');
INSERT INTO PRICE VALUES ('IND', 'LAS', '00005', '264', '62');
INSERT INTO PRICE VALUES ('IND', 'JFK', '00005', '217', '87');
INSERT INTO PRICE VALUES ('IND', 'MIA', '00005', '283', '65');
INSERT INTO PRICE VALUES ('IND', 'BWI', '00005', '264', '95');
INSERT INTO PRICE VALUES ('SAN', 'PIT', '00005', '221', '135');
INSERT INTO PRICE VALUES ('SAN', 'IND', '00005', '214', '103');
INSERT INTO PRICE VALUES ('SAN', 'MCO', '00005', '198', '138');
INSERT INTO PRICE VALUES ('SAN', 'LAS', '00005', '197', '81');
INSERT INTO PRICE VALUES ('SAN', 'JFK', '00005', '241', '73');
INSERT INTO PRICE VALUES ('SAN', 'MIA', '00005', '166', '60');
INSERT INTO PRICE VALUES ('SAN', 'BWI', '00005', '247', '86');
INSERT INTO PRICE VALUES ('MCO', 'PIT', '00005', '229', '89');
INSERT INTO PRICE VALUES ('MCO', 'IND', '00005', '204', '58');
INSERT INTO PRICE VALUES ('MCO', 'SAN', '00005', '299', '109');
INSERT INTO PRICE VALUES ('MCO', 'LAS', '00005', '247', '59');
INSERT INTO PRICE VALUES ('MCO', 'JFK', '00005', '153', '76');
INSERT INTO PRICE VALUES ('MCO', 'MIA', '00005', '223', '100');
INSERT INTO PRICE VALUES ('MCO', 'BWI', '00005', '151', '53');
INSERT INTO PRICE VALUES ('LAS', 'PIT', '00005', '214', '142');
INSERT INTO PRICE VALUES ('LAS', 'IND', '00005', '216', '140');
INSERT INTO PRICE VALUES ('LAS', 'SAN', '00005', '168', '109');
INSERT INTO PRICE VALUES ('LAS', 'MCO', '00005', '259', '140');
INSERT INTO PRICE VALUES ('LAS', 'JFK', '00005', '226', '101');
INSERT INTO PRICE VALUES ('LAS', 'MIA', '00005', '287', '50');
INSERT INTO PRICE VALUES ('LAS', 'BWI', '00005', '171', '121');
INSERT INTO PRICE VALUES ('JFK', 'PIT', '00005', '186', '141');
INSERT INTO PRICE VALUES ('JFK', 'IND', '00005', '284', '55');
INSERT INTO PRICE VALUES ('JFK', 'SAN', '00005', '205', '89');
INSERT INTO PRICE VALUES ('JFK', 'MCO', '00005', '295', '75');
INSERT INTO PRICE VALUES ('JFK', 'LAS', '00005', '212', '99');
INSERT INTO PRICE VALUES ('JFK', 'MIA', '00005', '244', '91');
INSERT INTO PRICE VALUES ('JFK', 'BWI', '00005', '222', '75');
INSERT INTO PRICE VALUES ('MIA', 'PIT', '00005', '227', '122');
INSERT INTO PRICE VALUES ('MIA', 'IND', '00005', '290', '107');
INSERT INTO PRICE VALUES ('MIA', 'SAN', '00005', '244', '136');
INSERT INTO PRICE VALUES ('MIA', 'MCO', '00005', '270', '116');
INSERT INTO PRICE VALUES ('MIA', 'LAS', '00005', '183', '122');
INSERT INTO PRICE VALUES ('MIA', 'JFK', '00005', '294', '108');
INSERT INTO PRICE VALUES ('MIA', 'BWI', '00005', '206', '108');
INSERT INTO PRICE VALUES ('BWI', 'PIT', '00005', '155', '121');
INSERT INTO PRICE VALUES ('BWI', 'IND', '00005', '191', '128');
INSERT INTO PRICE VALUES ('BWI', 'SAN', '00005', '196', '105');
INSERT INTO PRICE VALUES ('BWI', 'MCO', '00005', '194', '118');
INSERT INTO PRICE VALUES ('BWI', 'LAS', '00005', '216', '119');
INSERT INTO PRICE VALUES ('BWI', 'JFK', '00005', '286', '51');
INSERT INTO PRICE VALUES ('BWI', 'MIA', '00005', '299', '53');
INSERT INTO PRICE VALUES ('PIT', 'IND', '00006', '229', '76');
INSERT INTO PRICE VALUES ('PIT', 'SAN', '00006', '220', '65');
INSERT INTO PRICE VALUES ('PIT', 'MCO', '00006', '153', '97');
INSERT INTO PRICE VALUES ('PIT', 'LAS', '00006', '198', '52');
INSERT INTO PRICE VALUES ('PIT', 'JFK', '00006', '204', '104');
INSERT INTO PRICE VALUES ('PIT', 'MIA', '00006', '247', '140');
INSERT INTO PRICE VALUES ('PIT', 'BWI', '00006', '297', '102');
INSERT INTO PRICE VALUES ('IND', 'PIT', '00006', '251', '104');
INSERT INTO PRICE VALUES ('IND', 'SAN', '00006', '175', '116');
INSERT INTO PRICE VALUES ('IND', 'MCO', '00006', '179', '103');
INSERT INTO PRICE VALUES ('IND', 'LAS', '00006', '294', '113');
INSERT INTO PRICE VALUES ('IND', 'JFK', '00006', '281', '81');
INSERT INTO PRICE VALUES ('IND', 'MIA', '00006', '161', '69');
INSERT INTO PRICE VALUES ('IND', 'BWI', '00006', '188', '90');
INSERT INTO PRICE VALUES ('SAN', 'PIT', '00006', '208', '56');
INSERT INTO PRICE VALUES ('SAN', 'IND', '00006', '267', '116');
INSERT INTO PRICE VALUES ('SAN', 'MCO', '00006', '212', '142');
INSERT INTO PRICE VALUES ('SAN', 'LAS', '00006', '193', '74');
INSERT INTO PRICE VALUES ('SAN', 'JFK', '00006', '162', '97');
INSERT INTO PRICE VALUES ('SAN', 'MIA', '00006', '271', '68');
INSERT INTO PRICE VALUES ('SAN', 'BWI', '00006', '214', '133');
INSERT INTO PRICE VALUES ('MCO', 'PIT', '00006', '249', '53');
INSERT INTO PRICE VALUES ('MCO', 'IND', '00006', '200', '121');
INSERT INTO PRICE VALUES ('MCO', 'SAN', '00006', '279', '141');
INSERT INTO PRICE VALUES ('MCO', 'LAS', '00006', '292', '116');
INSERT INTO PRICE VALUES ('MCO', 'JFK', '00006', '271', '78');
INSERT INTO PRICE VALUES ('MCO', 'MIA', '00006', '170', '121');
INSERT INTO PRICE VALUES ('MCO', 'BWI', '00006', '244', '143');
INSERT INTO PRICE VALUES ('LAS', 'PIT', '00006', '236', '136');
INSERT INTO PRICE VALUES ('LAS', 'IND', '00006', '276', '125');
INSERT INTO PRICE VALUES ('LAS', 'SAN', '00006', '298', '70');
INSERT INTO PRICE VALUES ('LAS', 'MCO', '00006', '212', '137');
INSERT INTO PRICE VALUES ('LAS', 'JFK', '00006', '195', '125');
INSERT INTO PRICE VALUES ('LAS', 'MIA', '00006', '157', '106');
INSERT INTO PRICE VALUES ('LAS', 'BWI', '00006', '163', '91');
INSERT INTO PRICE VALUES ('JFK', 'PIT', '00006', '199', '92');
INSERT INTO PRICE VALUES ('JFK', 'IND', '00006', '242', '67');
INSERT INTO PRICE VALUES ('JFK', 'SAN', '00006', '150', '110');
INSERT INTO PRICE VALUES ('JFK', 'MCO', '00006', '280', '73');
INSERT INTO PRICE VALUES ('JFK', 'LAS', '00006', '266', '120');
INSERT INTO PRICE VALUES ('JFK', 'MIA', '00006', '277', '122');
INSERT INTO PRICE VALUES ('JFK', 'BWI', '00006', '171', '59');
INSERT INTO PRICE VALUES ('MIA', 'PIT', '00006', '204', '148');
INSERT INTO PRICE VALUES ('MIA', 'IND', '00006', '165', '93');
INSERT INTO PRICE VALUES ('MIA', 'SAN', '00006', '178', '145');
INSERT INTO PRICE VALUES ('MIA', 'MCO', '00006', '251', '140');
INSERT INTO PRICE VALUES ('MIA', 'LAS', '00006', '201', '58');
INSERT INTO PRICE VALUES ('MIA', 'JFK', '00006', '250', '141');
INSERT INTO PRICE VALUES ('MIA', 'BWI', '00006', '168', '87');
INSERT INTO PRICE VALUES ('BWI', 'PIT', '00006', '214', '63');
INSERT INTO PRICE VALUES ('BWI', 'IND', '00006', '269', '56');
INSERT INTO PRICE VALUES ('BWI', 'SAN', '00006', '179', '124');
INSERT INTO PRICE VALUES ('BWI', 'MCO', '00006', '266', '61');
INSERT INTO PRICE VALUES ('BWI', 'LAS', '00006', '268', '126');
INSERT INTO PRICE VALUES ('BWI', 'JFK', '00006', '210', '100');
INSERT INTO PRICE VALUES ('BWI', 'MIA', '00006', '189', '88');
INSERT INTO PRICE VALUES ('PIT', 'IND', '00007', '282', '83');
INSERT INTO PRICE VALUES ('PIT', 'SAN', '00007', '199', '108');
INSERT INTO PRICE VALUES ('PIT', 'MCO', '00007', '162', '57');
INSERT INTO PRICE VALUES ('PIT', 'LAS', '00007', '296', '133');
INSERT INTO PRICE VALUES ('PIT', 'JFK', '00007', '260', '109');
INSERT INTO PRICE VALUES ('PIT', 'MIA', '00007', '299', '72');
INSERT INTO PRICE VALUES ('PIT', 'BWI', '00007', '237', '82');
INSERT INTO PRICE VALUES ('IND', 'PIT', '00007', '202', '114');
INSERT INTO PRICE VALUES ('IND', 'SAN', '00007', '267', '67');
INSERT INTO PRICE VALUES ('IND', 'MCO', '00007', '251', '119');
INSERT INTO PRICE VALUES ('IND', 'LAS', '00007', '290', '111');
INSERT INTO PRICE VALUES ('IND', 'JFK', '00007', '161', '66');
INSERT INTO PRICE VALUES ('IND', 'MIA', '00007', '293', '70');
INSERT INTO PRICE VALUES ('IND', 'BWI', '00007', '205', '81');
INSERT INTO PRICE VALUES ('SAN', 'PIT', '00007', '168', '93');
INSERT INTO PRICE VALUES ('SAN', 'IND', '00007', '280', '93');
INSERT INTO PRICE VALUES ('SAN', 'MCO', '00007', '296', '126');
INSERT INTO PRICE VALUES ('SAN', 'LAS', '00007', '225', '100');
INSERT INTO PRICE VALUES ('SAN', 'JFK', '00007', '215', '142');
INSERT INTO PRICE VALUES ('SAN', 'MIA', '00007', '262', '62');
INSERT INTO PRICE VALUES ('SAN', 'BWI', '00007', '256', '68');
INSERT INTO PRICE VALUES ('MCO', 'PIT', '00007', '218', '88');
INSERT INTO PRICE VALUES ('MCO', 'IND', '00007', '232', '90');
INSERT INTO PRICE VALUES ('MCO', 'SAN', '00007', '253', '129');
INSERT INTO PRICE VALUES ('MCO', 'LAS', '00007', '254', '126');
INSERT INTO PRICE VALUES ('MCO', 'JFK', '00007', '289', '75');
INSERT INTO PRICE VALUES ('MCO', 'MIA', '00007', '205', '70');
INSERT INTO PRICE VALUES ('MCO', 'BWI', '00007', '204', '109');
INSERT INTO PRICE VALUES ('LAS', 'PIT', '00007', '157', '61');
INSERT INTO PRICE VALUES ('LAS', 'IND', '00007', '280', '88');
INSERT INTO PRICE VALUES ('LAS', 'SAN', '00007', '164', '95');
INSERT INTO PRICE VALUES ('LAS', 'MCO', '00007', '287', '53');
INSERT INTO PRICE VALUES ('LAS', 'JFK', '00007', '286', '58');
INSERT INTO PRICE VALUES ('LAS', 'MIA', '00007', '236', '131');
INSERT INTO PRICE VALUES ('LAS', 'BWI', '00007', '228', '70');
INSERT INTO PRICE VALUES ('JFK', 'PIT', '00007', '283', '74');
INSERT INTO PRICE VALUES ('JFK', 'IND', '00007', '208', '102');
INSERT INTO PRICE VALUES ('JFK', 'SAN', '00007', '232', '89');
INSERT INTO PRICE VALUES ('JFK', 'MCO', '00007', '218', '135');
INSERT INTO PRICE VALUES ('JFK', 'LAS', '00007', '286', '137');
INSERT INTO PRICE VALUES ('JFK', 'MIA', '00007', '274', '148');
INSERT INTO PRICE VALUES ('JFK', 'BWI', '00007', '249', '73');
INSERT INTO PRICE VALUES ('MIA', 'PIT', '00007', '233', '143');
INSERT INTO PRICE VALUES ('MIA', 'IND', '00007', '236', '63');
INSERT INTO PRICE VALUES ('MIA', 'SAN', '00007', '226', '51');
INSERT INTO PRICE VALUES ('MIA', 'MCO', '00007', '268', '145');
INSERT INTO PRICE VALUES ('MIA', 'LAS', '00007', '157', '93');
INSERT INTO PRICE VALUES ('MIA', 'JFK', '00007', '244', '103');
INSERT INTO PRICE VALUES ('MIA', 'BWI', '00007', '151', '74');
INSERT INTO PRICE VALUES ('BWI', 'PIT', '00007', '162', '91');
INSERT INTO PRICE VALUES ('BWI', 'IND', '00007', '247', '139');
INSERT INTO PRICE VALUES ('BWI', 'SAN', '00007', '180', '141');
INSERT INTO PRICE VALUES ('BWI', 'MCO', '00007', '286', '123');
INSERT INTO PRICE VALUES ('BWI', 'LAS', '00007', '244', '88');
INSERT INTO PRICE VALUES ('BWI', 'JFK', '00007', '289', '123');
INSERT INTO PRICE VALUES ('BWI', 'MIA', '00007', '262', '142');
INSERT INTO PRICE VALUES ('PIT', 'IND', '00008', '243', '120');
INSERT INTO PRICE VALUES ('PIT', 'SAN', '00008', '202', '129');
INSERT INTO PRICE VALUES ('PIT', 'MCO', '00008', '179', '74');
INSERT INTO PRICE VALUES ('PIT', 'LAS', '00008', '279', '50');
INSERT INTO PRICE VALUES ('PIT', 'JFK', '00008', '274', '123');
INSERT INTO PRICE VALUES ('PIT', 'MIA', '00008', '218', '96');
INSERT INTO PRICE VALUES ('PIT', 'BWI', '00008', '269', '115');
INSERT INTO PRICE VALUES ('IND', 'PIT', '00008', '239', '105');
INSERT INTO PRICE VALUES ('IND', 'SAN', '00008', '273', '117');
INSERT INTO PRICE VALUES ('IND', 'MCO', '00008', '179', '91');
INSERT INTO PRICE VALUES ('IND', 'LAS', '00008', '292', '69');
INSERT INTO PRICE VALUES ('IND', 'JFK', '00008', '266', '82');
INSERT INTO PRICE VALUES ('IND', 'MIA', '00008', '232', '63');
INSERT INTO PRICE VALUES ('IND', 'BWI', '00008', '208', '81');
INSERT INTO PRICE VALUES ('SAN', 'PIT', '00008', '281', '139');
INSERT INTO PRICE VALUES ('SAN', 'IND', '00008', '274', '102');
INSERT INTO PRICE VALUES ('SAN', 'MCO', '00008', '233', '129');
INSERT INTO PRICE VALUES ('SAN', 'LAS', '00008', '288', '53');
INSERT INTO PRICE VALUES ('SAN', 'JFK', '00008', '248', '108');
INSERT INTO PRICE VALUES ('SAN', 'MIA', '00008', '295', '70');
INSERT INTO PRICE VALUES ('SAN', 'BWI', '00008', '266', '94');
INSERT INTO PRICE VALUES ('MCO', 'PIT', '00008', '209', '124');
INSERT INTO PRICE VALUES ('MCO', 'IND', '00008', '264', '108');
INSERT INTO PRICE VALUES ('MCO', 'SAN', '00008', '198', '52');
INSERT INTO PRICE VALUES ('MCO', 'LAS', '00008', '160', '59');
INSERT INTO PRICE VALUES ('MCO', 'JFK', '00008', '246', '114');
INSERT INTO PRICE VALUES ('MCO', 'MIA', '00008', '296', '144');
INSERT INTO PRICE VALUES ('MCO', 'BWI', '00008', '263', '147');
INSERT INTO PRICE VALUES ('LAS', 'PIT', '00008', '186', '111');
INSERT INTO PRICE VALUES ('LAS', 'IND', '00008', '217', '121');
INSERT INTO PRICE VALUES ('LAS', 'SAN', '00008', '173', '85');
INSERT INTO PRICE VALUES ('LAS', 'MCO', '00008', '157', '125');
INSERT INTO PRICE VALUES ('LAS', 'JFK', '00008', '152', '74');
INSERT INTO PRICE VALUES ('LAS', 'MIA', '00008', '241', '89');
INSERT INTO PRICE VALUES ('LAS', 'BWI', '00008', '156', '101');
INSERT INTO PRICE VALUES ('JFK', 'PIT', '00008', '176', '77');
INSERT INTO PRICE VALUES ('JFK', 'IND', '00008', '298', '146');
INSERT INTO PRICE VALUES ('JFK', 'SAN', '00008', '174', '109');
INSERT INTO PRICE VALUES ('JFK', 'MCO', '00008', '250', '73');
INSERT INTO PRICE VALUES ('JFK', 'LAS', '00008', '218', '103');
INSERT INTO PRICE VALUES ('JFK', 'MIA', '00008', '239', '110');
INSERT INTO PRICE VALUES ('JFK', 'BWI', '00008', '166', '135');
INSERT INTO PRICE VALUES ('MIA', 'PIT', '00008', '206', '80');
INSERT INTO PRICE VALUES ('MIA', 'IND', '00008', '267', '57');
INSERT INTO PRICE VALUES ('MIA', 'SAN', '00008', '272', '143');
INSERT INTO PRICE VALUES ('MIA', 'MCO', '00008', '256', '117');
INSERT INTO PRICE VALUES ('MIA', 'LAS', '00008', '231', '134');
INSERT INTO PRICE VALUES ('MIA', 'JFK', '00008', '242', '148');
INSERT INTO PRICE VALUES ('MIA', 'BWI', '00008', '261', '150');
INSERT INTO PRICE VALUES ('BWI', 'PIT', '00008', '295', '93');
INSERT INTO PRICE VALUES ('BWI', 'IND', '00008', '262', '57');
INSERT INTO PRICE VALUES ('BWI', 'SAN', '00008', '230', '88');
INSERT INTO PRICE VALUES ('BWI', 'MCO', '00008', '150', '59');
INSERT INTO PRICE VALUES ('BWI', 'LAS', '00008', '157', '126');
INSERT INTO PRICE VALUES ('BWI', 'JFK', '00008', '229', '64');
INSERT INTO PRICE VALUES ('BWI', 'MIA', '00008', '278', '88');
INSERT INTO PRICE VALUES ('PIT', 'IND', '00009', '235', '110');
INSERT INTO PRICE VALUES ('PIT', 'SAN', '00009', '158', '66');
INSERT INTO PRICE VALUES ('PIT', 'MCO', '00009', '251', '68');
INSERT INTO PRICE VALUES ('PIT', 'LAS', '00009', '279', '139');
INSERT INTO PRICE VALUES ('PIT', 'JFK', '00009', '216', '63');
INSERT INTO PRICE VALUES ('PIT', 'MIA', '00009', '280', '100');
INSERT INTO PRICE VALUES ('PIT', 'BWI', '00009', '280', '114');
INSERT INTO PRICE VALUES ('IND', 'PIT', '00009', '196', '121');
INSERT INTO PRICE VALUES ('IND', 'SAN', '00009', '257', '75');
INSERT INTO PRICE VALUES ('IND', 'MCO', '00009', '263', '143');
INSERT INTO PRICE VALUES ('IND', 'LAS', '00009', '202', '52');
INSERT INTO PRICE VALUES ('IND', 'JFK', '00009', '271', '58');
INSERT INTO PRICE VALUES ('IND', 'MIA', '00009', '250', '63');
INSERT INTO PRICE VALUES ('IND', 'BWI', '00009', '243', '84');
INSERT INTO PRICE VALUES ('SAN', 'PIT', '00009', '267', '81');
INSERT INTO PRICE VALUES ('SAN', 'IND', '00009', '224', '96');
INSERT INTO PRICE VALUES ('SAN', 'MCO', '00009', '178', '112');
INSERT INTO PRICE VALUES ('SAN', 'LAS', '00009', '236', '119');
INSERT INTO PRICE VALUES ('SAN', 'JFK', '00009', '231', '99');
INSERT INTO PRICE VALUES ('SAN', 'MIA', '00009', '232', '71');
INSERT INTO PRICE VALUES ('SAN', 'BWI', '00009', '219', '104');
INSERT INTO PRICE VALUES ('MCO', 'PIT', '00009', '216', '53');
INSERT INTO PRICE VALUES ('MCO', 'IND', '00009', '191', '129');
INSERT INTO PRICE VALUES ('MCO', 'SAN', '00009', '199', '118');
INSERT INTO PRICE VALUES ('MCO', 'LAS', '00009', '270', '83');
INSERT INTO PRICE VALUES ('MCO', 'JFK', '00009', '185', '120');
INSERT INTO PRICE VALUES ('MCO', 'MIA', '00009', '183', '123');
INSERT INTO PRICE VALUES ('MCO', 'BWI', '00009', '155', '97');
INSERT INTO PRICE VALUES ('LAS', 'PIT', '00009', '176', '103');
INSERT INTO PRICE VALUES ('LAS', 'IND', '00009', '213', '134');
INSERT INTO PRICE VALUES ('LAS', 'SAN', '00009', '256', '93');
INSERT INTO PRICE VALUES ('LAS', 'MCO', '00009', '202', '81');
INSERT INTO PRICE VALUES ('LAS', 'JFK', '00009', '219', '89');
INSERT INTO PRICE VALUES ('LAS', 'MIA', '00009', '186', '63');
INSERT INTO PRICE VALUES ('LAS', 'BWI', '00009', '278', '109');
INSERT INTO PRICE VALUES ('JFK', 'PIT', '00009', '215', '100');
INSERT INTO PRICE VALUES ('JFK', 'IND', '00009', '216', '69');
INSERT INTO PRICE VALUES ('JFK', 'SAN', '00009', '220', '117');
INSERT INTO PRICE VALUES ('JFK', 'MCO', '00009', '270', '115');
INSERT INTO PRICE VALUES ('JFK', 'LAS', '00009', '283', '150');
INSERT INTO PRICE VALUES ('JFK', 'MIA', '00009', '178', '110');
INSERT INTO PRICE VALUES ('JFK', 'BWI', '00009', '256', '88');
INSERT INTO PRICE VALUES ('MIA', 'PIT', '00009', '181', '68');
INSERT INTO PRICE VALUES ('MIA', 'IND', '00009', '213', '126');
INSERT INTO PRICE VALUES ('MIA', 'SAN', '00009', '244', '120');
INSERT INTO PRICE VALUES ('MIA', 'MCO', '00009', '257', '132');
INSERT INTO PRICE VALUES ('MIA', 'LAS', '00009', '253', '94');
INSERT INTO PRICE VALUES ('MIA', 'JFK', '00009', '240', '89');
INSERT INTO PRICE VALUES ('MIA', 'BWI', '00009', '217', '107');
INSERT INTO PRICE VALUES ('BWI', 'PIT', '00009', '232', '102');
INSERT INTO PRICE VALUES ('BWI', 'IND', '00009', '239', '73');
INSERT INTO PRICE VALUES ('BWI', 'SAN', '00009', '291', '128');
INSERT INTO PRICE VALUES ('BWI', 'MCO', '00009', '254', '85');
INSERT INTO PRICE VALUES ('BWI', 'LAS', '00009', '216', '98');
INSERT INTO PRICE VALUES ('BWI', 'JFK', '00009', '231', '145');
INSERT INTO PRICE VALUES ('BWI', 'MIA', '00009', '206', '104');
INSERT INTO PRICE VALUES ('PIT', 'IND', '00010', '241', '116');
INSERT INTO PRICE VALUES ('PIT', 'SAN', '00010', '210', '148');
INSERT INTO PRICE VALUES ('PIT', 'MCO', '00010', '182', '113');
INSERT INTO PRICE VALUES ('PIT', 'LAS', '00010', '265', '130');
INSERT INTO PRICE VALUES ('PIT', 'JFK', '00010', '265', '62');
INSERT INTO PRICE VALUES ('PIT', 'MIA', '00010', '268', '88');
INSERT INTO PRICE VALUES ('PIT', 'BWI', '00010', '219', '57');
INSERT INTO PRICE VALUES ('IND', 'PIT', '00010', '283', '80');
INSERT INTO PRICE VALUES ('IND', 'SAN', '00010', '175', '111');
INSERT INTO PRICE VALUES ('IND', 'MCO', '00010', '196', '145');
INSERT INTO PRICE VALUES ('IND', 'LAS', '00010', '267', '104');
INSERT INTO PRICE VALUES ('IND', 'JFK', '00010', '204', '106');
INSERT INTO PRICE VALUES ('IND', 'MIA', '00010', '292', '111');
INSERT INTO PRICE VALUES ('IND', 'BWI', '00010', '291', '125');
INSERT INTO PRICE VALUES ('SAN', 'PIT', '00010', '168', '51');
INSERT INTO PRICE VALUES ('SAN', 'IND', '00010', '269', '144');
INSERT INTO PRICE VALUES ('SAN', 'MCO', '00010', '247', '73');
INSERT INTO PRICE VALUES ('SAN', 'LAS', '00010', '291', '121');
INSERT INTO PRICE VALUES ('SAN', 'JFK', '00010', '277', '121');
INSERT INTO PRICE VALUES ('SAN', 'MIA', '00010', '197', '86');
INSERT INTO PRICE VALUES ('SAN', 'BWI', '00010', '278', '80');
INSERT INTO PRICE VALUES ('MCO', 'PIT', '00010', '182', '75');
INSERT INTO PRICE VALUES ('MCO', 'IND', '00010', '289', '52');
INSERT INTO PRICE VALUES ('MCO', 'SAN', '00010', '159', '67');
INSERT INTO PRICE VALUES ('MCO', 'LAS', '00010', '236', '70');
INSERT INTO PRICE VALUES ('MCO', 'JFK', '00010', '168', '71');
INSERT INTO PRICE VALUES ('MCO', 'MIA', '00010', '174', '78');
INSERT INTO PRICE VALUES ('MCO', 'BWI', '00010', '283', '142');
INSERT INTO PRICE VALUES ('LAS', 'PIT', '00010', '213', '114');
INSERT INTO PRICE VALUES ('LAS', 'IND', '00010', '269', '97');
INSERT INTO PRICE VALUES ('LAS', 'SAN', '00010', '164', '126');
INSERT INTO PRICE VALUES ('LAS', 'MCO', '00010', '169', '121');
INSERT INTO PRICE VALUES ('LAS', 'JFK', '00010', '259', '103');
INSERT INTO PRICE VALUES ('LAS', 'MIA', '00010', '204', '142');
INSERT INTO PRICE VALUES ('LAS', 'BWI', '00010', '214', '127');
INSERT INTO PRICE VALUES ('JFK', 'PIT', '00010', '192', '63');
INSERT INTO PRICE VALUES ('JFK', 'IND', '00010', '181', '104');
INSERT INTO PRICE VALUES ('JFK', 'SAN', '00010', '220', '149');
INSERT INTO PRICE VALUES ('JFK', 'MCO', '00010', '236', '77');
INSERT INTO PRICE VALUES ('JFK', 'LAS', '00010', '268', '53');
INSERT INTO PRICE VALUES ('JFK', 'MIA', '00010', '197', '62');
INSERT INTO PRICE VALUES ('JFK', 'BWI', '00010', '262', '74');
INSERT INTO PRICE VALUES ('MIA', 'PIT', '00010', '205', '80');
INSERT INTO PRICE VALUES ('MIA', 'IND', '00010', '208', '103');
INSERT INTO PRICE VALUES ('MIA', 'SAN', '00010', '270', '61');
INSERT INTO PRICE VALUES ('MIA', 'MCO', '00010', '214', '64');
INSERT INTO PRICE VALUES ('MIA', 'LAS', '00010', '292', '144');
INSERT INTO PRICE VALUES ('MIA', 'JFK', '00010', '268', '140');
INSERT INTO PRICE VALUES ('MIA', 'BWI', '00010', '284', '141');
INSERT INTO PRICE VALUES ('BWI', 'PIT', '00010', '187', '106');
INSERT INTO PRICE VALUES ('BWI', 'IND', '00010', '191', '129');
INSERT INTO PRICE VALUES ('BWI', 'SAN', '00010', '180', '140');
INSERT INTO PRICE VALUES ('BWI', 'MCO', '00010', '273', '67');
INSERT INTO PRICE VALUES ('BWI', 'LAS', '00010', '272', '143');
INSERT INTO PRICE VALUES ('BWI', 'JFK', '00010', '212', '99');
INSERT INTO PRICE VALUES ('BWI', 'MIA', '00010', '212', '128');

INSERT INTO FLIGHT VALUES ('001', '00001', 'L549', 'PIT', 'IND', '1445', '1730', 'SMTWTFS');
INSERT INTO FLIGHT VALUES ('002', '00001', 'A626', 'PIT', 'SAN', '0745', '0845', 'SMTWTFS');
INSERT INTO FLIGHT VALUES ('003', '00001', 'A626', 'PIT', 'MCO', '1915', '0615', 'SMTWTFS');
INSERT INTO FLIGHT VALUES ('004', '00001', 'A096', 'PIT', 'LAS', '1000', '1545', 'SMTWTFS');
INSERT INTO FLIGHT VALUES ('005', '00001', 'B670', 'PIT', 'JFK', '0715', '0900', 'SMTWTFS');
INSERT INTO FLIGHT VALUES ('006', '00001', 'A096', 'PIT', 'MIA', '1930', '2245', 'SMTWTFS');
INSERT INTO FLIGHT VALUES ('007', '00001', 'B670', 'PIT', 'BWI', '2000', '0845', 'SMTWTFS');
INSERT INTO FLIGHT VALUES ('008', '00001', 'B670', 'IND', 'PIT', '1800', '1930', 'SMTWTFS');
INSERT INTO FLIGHT VALUES ('009', '00001', 'L549', 'IND', 'SAN', '0600', '1200', 'SMTWTFS');
INSERT INTO FLIGHT VALUES ('010', '00001', 'A096', 'IND', 'MCO', '0645', '1415', 'SMTWTFS');
INSERT INTO FLIGHT VALUES ('011', '00001', 'A001', 'IND', 'LAS', '1345', '1400', 'SMTWTFS');
INSERT INTO FLIGHT VALUES ('012', '00001', 'A001', 'IND', 'JFK', '1545', '0015', 'SMTWTFS');
INSERT INTO FLIGHT VALUES ('013', '00001', 'B670', 'IND', 'MIA', '0215', '0830', 'SMTWTFS');
INSERT INTO FLIGHT VALUES ('014', '00001', 'B670', 'IND', 'BWI', '1545', '2300', 'SMTWTFS');
INSERT INTO FLIGHT VALUES ('015', '00001', 'B670', 'SAN', 'PIT', '2015', '0045', 'SMTWTFS');
INSERT INTO FLIGHT VALUES ('016', '00001', 'B670', 'SAN', 'IND', '1245', '2345', 'SMTWTFS');
INSERT INTO FLIGHT VALUES ('017', '00001', 'A626', 'SAN', 'MCO', '1445', '1500', 'SMTWTFS');
INSERT INTO FLIGHT VALUES ('018', '00001', 'A001', 'SAN', 'LAS', '1015', '1545', 'SMTWTFS');
INSERT INTO FLIGHT VALUES ('019', '00001', 'B670', 'SAN', 'JFK', '1430', '1500', 'SMTWTFS');
INSERT INTO FLIGHT VALUES ('020', '00001', 'A096', 'SAN', 'MIA', '1615', '1815', 'SMTWTFS');
INSERT INTO FLIGHT VALUES ('021', '00001', 'A096', 'SAN', 'BWI', '0345', '1245', 'SMTWTFS');
INSERT INTO FLIGHT VALUES ('022', '00001', 'A096', 'MCO', 'PIT', '2200', '0245', 'SMTWTFS');
INSERT INTO FLIGHT VALUES ('023', '00001', 'A001', 'MCO', 'IND', '0645', '0800', 'SMTWTFS');
INSERT INTO FLIGHT VALUES ('024', '00001', 'A096', 'MCO', 'SAN', '1600', '0430', 'SMTWTFS');
INSERT INTO FLIGHT VALUES ('025', '00001', 'A096', 'MCO', 'LAS', '2045', '0045', 'SMTWTFS');
INSERT INTO FLIGHT VALUES ('026', '00001', 'L549', 'MCO', 'JFK', '0600', '1045', 'SMTWTFS');
INSERT INTO FLIGHT VALUES ('027', '00001', 'A626', 'MCO', 'MIA', '0245', '1345', 'SMTWTFS');
INSERT INTO FLIGHT VALUES ('028', '00001', 'A096', 'MCO', 'BWI', '1945', '0630', 'SMTWTFS');
INSERT INTO FLIGHT VALUES ('029', '00001', 'L549', 'LAS', 'PIT', '2300', '0615', 'SMTWTFS');
INSERT INTO FLIGHT VALUES ('030', '00001', 'L549', 'LAS', 'IND', '2200', '2300', 'SMTWTFS');
INSERT INTO FLIGHT VALUES ('031', '00001', 'A626', 'LAS', 'SAN', '0830', '2045', 'SMTWTFS');
INSERT INTO FLIGHT VALUES ('032', '00001', 'A096', 'LAS', 'MCO', '1730', '1845', 'SMTWTFS');
INSERT INTO FLIGHT VALUES ('033', '00001', 'L549', 'LAS', 'JFK', '1815', '2330', 'SMTWTFS');
INSERT INTO FLIGHT VALUES ('034', '00001', 'L549', 'LAS', 'MIA', '0030', '0130', 'SMTWTFS');
INSERT INTO FLIGHT VALUES ('035', '00001', 'A001', 'LAS', 'BWI', '2230', '0030', 'SMTWTFS');
INSERT INTO FLIGHT VALUES ('036', '00001', 'A001', 'JFK', 'PIT', '0900', '1615', 'SMTWTFS');
INSERT INTO FLIGHT VALUES ('037', '00001', 'A096', 'JFK', 'IND', '1700', '0215', 'SMTWTFS');
INSERT INTO FLIGHT VALUES ('038', '00001', 'A626', 'JFK', 'SAN', '0900', '1700', 'SMTWTFS');
INSERT INTO FLIGHT VALUES ('039', '00001', 'A626', 'JFK', 'MCO', '0845', '1430', 'SMTWTFS');
INSERT INTO FLIGHT VALUES ('040', '00001', 'A096', 'JFK', 'LAS', '2130', '2200', 'SMTWTFS');
INSERT INTO FLIGHT VALUES ('041', '00001', 'A096', 'JFK', 'MIA', '1615', '0245', 'SMTWTFS');
INSERT INTO FLIGHT VALUES ('042', '00001', 'B670', 'JFK', 'BWI', '1915', '2030', 'SMTWTFS');
INSERT INTO FLIGHT VALUES ('043', '00001', 'A626', 'MIA', 'PIT', '2100', '2345', 'SMTWTFS');
INSERT INTO FLIGHT VALUES ('044', '00001', 'B670', 'MIA', 'IND', '0900', '1245', 'SMTWTFS');
INSERT INTO FLIGHT VALUES ('045', '00001', 'A001', 'MIA', 'SAN', '2030', '0615', 'SMTWTFS');
INSERT INTO FLIGHT VALUES ('046', '00001', 'B670', 'MIA', 'MCO', '1230', '0000', 'SMTWTFS');
INSERT INTO FLIGHT VALUES ('047', '00001', 'B670', 'MIA', 'LAS', '0615', '0815', 'SMTWTFS');
INSERT INTO FLIGHT VALUES ('048', '00001', 'L549', 'MIA', 'JFK', '0730', '1915', 'SMTWTFS');
INSERT INTO FLIGHT VALUES ('049', '00001', 'L549', 'MIA', 'BWI', '1300', '2145', 'SMTWTFS');
INSERT INTO FLIGHT VALUES ('050', '00001', 'A001', 'BWI', 'PIT', '0500', '1700', 'SMTWTFS');
INSERT INTO FLIGHT VALUES ('051', '00001', 'B670', 'BWI', 'IND', '1715', '1845', 'SMTWTFS');
INSERT INTO FLIGHT VALUES ('052', '00001', 'B670', 'BWI', 'SAN', '1715', '2145', 'SMTWTFS');
INSERT INTO FLIGHT VALUES ('053', '00001', 'L549', 'BWI', 'MCO', '0015', '0645', 'SMTWTFS');
INSERT INTO FLIGHT VALUES ('054', '00001', 'B670', 'BWI', 'LAS', '0345', '0845', 'SMTWTFS');
INSERT INTO FLIGHT VALUES ('055', '00001', 'A096', 'BWI', 'JFK', '2145', '0930', 'SMTWTFS');
INSERT INTO FLIGHT VALUES ('056', '00001', 'A626', 'BWI', 'MIA', '0430', '0800', 'SMTWTFS');
INSERT INTO FLIGHT VALUES ('057', '00002', 'A231', 'PIT', 'IND', '1200', '1600', 'SMTWTFS');
INSERT INTO FLIGHT VALUES ('058', '00002', 'B920', 'PIT', 'SAN', '1615', '2145', 'SMTWTFS');
INSERT INTO FLIGHT VALUES ('059', '00002', 'B920', 'PIT', 'MCO', '1915', '2200', 'SMTWTFS');
INSERT INTO FLIGHT VALUES ('060', '00002', 'B085', 'PIT', 'LAS', '0400', '0930', 'SMTWTFS');
INSERT INTO FLIGHT VALUES ('061', '00002', 'B920', 'PIT', 'JFK', '1430', '2300', 'SMTWTFS');
INSERT INTO FLIGHT VALUES ('062', '00002', 'B190', 'PIT', 'MIA', '2315', '0145', 'SMTWTFS');
INSERT INTO FLIGHT VALUES ('063', '00002', 'B405', 'PIT', 'BWI', '1915', '0100', 'SMTWTFS');
INSERT INTO FLIGHT VALUES ('064', '00002', 'B920', 'IND', 'PIT', '1400', '1715', 'SMTWTFS');
INSERT INTO FLIGHT VALUES ('065', '00002', 'L624', 'IND', 'SAN', '0545', '1030', 'SMTWTFS');
INSERT INTO FLIGHT VALUES ('066', '00002', 'E392', 'IND', 'MCO', '0745', '1815', 'SMTWTFS');
INSERT INTO FLIGHT VALUES ('067', '00002', 'B085', 'IND', 'LAS', '1215', '2045', 'SMTWTFS');
INSERT INTO FLIGHT VALUES ('068', '00002', 'M893', 'IND', 'JFK', '1745', '2245', 'SMTWTFS');
INSERT INTO FLIGHT VALUES ('069', '00002', 'A231', 'IND', 'MIA', '1015', '2215', 'SMTWTFS');
INSERT INTO FLIGHT VALUES ('070', '00002', 'L624', 'IND', 'BWI', '0745', '1330', 'SMTWTFS');
INSERT INTO FLIGHT VALUES ('071', '00002', 'A231', 'SAN', 'PIT', '1600', '0345', 'SMTWTFS');
INSERT INTO FLIGHT VALUES ('072', '00002', 'B585', 'SAN', 'IND', '0145', '0600', 'SMTWTFS');
INSERT INTO FLIGHT VALUES ('073', '00002', 'B920', 'SAN', 'MCO', '0615', '0700', 'SMTWTFS');
INSERT INTO FLIGHT VALUES ('074', '00002', 'B085', 'SAN', 'LAS', '1445', '1515', 'SMTWTFS');
INSERT INTO FLIGHT VALUES ('075', '00002', 'M893', 'SAN', 'JFK', '1800', '0445', 'SMTWTFS');
INSERT INTO FLIGHT VALUES ('076', '00002', 'B920', 'SAN', 'MIA', '2045', '0030', 'SMTWTFS');
INSERT INTO FLIGHT VALUES ('077', '00002', 'B585', 'SAN', 'BWI', '0645', '1500', 'SMTWTFS');
INSERT INTO FLIGHT VALUES ('078', '00002', 'A231', 'MCO', 'PIT', '2030', '0030', 'SMTWTFS');
INSERT INTO FLIGHT VALUES ('079', '00002', 'E392', 'MCO', 'IND', '1315', '2215', 'SMTWTFS');
INSERT INTO FLIGHT VALUES ('080', '00002', 'M893', 'MCO', 'SAN', '0430', '0600', 'SMTWTFS');
INSERT INTO FLIGHT VALUES ('081', '00002', 'B190', 'MCO', 'LAS', '0515', '1600', 'SMTWTFS');
INSERT INTO FLIGHT VALUES ('082', '00002', 'B585', 'MCO', 'JFK', '1245', '2030', 'SMTWTFS');
INSERT INTO FLIGHT VALUES ('083', '00002', 'B190', 'MCO', 'MIA', '0330', '0415', 'SMTWTFS');
INSERT INTO FLIGHT VALUES ('084', '00002', 'E392', 'MCO', 'BWI', '0900', '2045', 'SMTWTFS');
INSERT INTO FLIGHT VALUES ('085', '00002', 'B920', 'LAS', 'PIT', '0530', '1730', 'SMTWTFS');
INSERT INTO FLIGHT VALUES ('086', '00002', 'A231', 'LAS', 'IND', '0915', '1100', 'SMTWTFS');
INSERT INTO FLIGHT VALUES ('087', '00002', 'B190', 'LAS', 'SAN', '1300', '1730', 'SMTWTFS');
INSERT INTO FLIGHT VALUES ('088', '00002', 'A231', 'LAS', 'MCO', '1230', '1315', 'SMTWTFS');
INSERT INTO FLIGHT VALUES ('089', '00002', 'B085', 'LAS', 'JFK', '0815', '1030', 'SMTWTFS');
INSERT INTO FLIGHT VALUES ('090', '00002', 'B085', 'LAS', 'MIA', '0415', '1345', 'SMTWTFS');
INSERT INTO FLIGHT VALUES ('091', '00002', 'B585', 'LAS', 'BWI', '1500', '2045', 'SMTWTFS');
INSERT INTO FLIGHT VALUES ('092', '00002', 'B585', 'JFK', 'PIT', '2200', '1045', 'SMTWTFS');
INSERT INTO FLIGHT VALUES ('093', '00002', 'M893', 'JFK', 'IND', '1400', '2000', 'SMTWTFS');
INSERT INTO FLIGHT VALUES ('094', '00002', 'B085', 'JFK', 'SAN', '0015', '0315', 'SMTWTFS');
INSERT INTO FLIGHT VALUES ('095', '00002', 'A231', 'JFK', 'MCO', '1230', '1930', 'SMTWTFS');
INSERT INTO FLIGHT VALUES ('096', '00002', 'L624', 'JFK', 'LAS', '1630', '2245', 'SMTWTFS');
INSERT INTO FLIGHT VALUES ('097', '00002', 'M893', 'JFK', 'MIA', '0400', '1515', 'SMTWTFS');
INSERT INTO FLIGHT VALUES ('098', '00002', 'M893', 'JFK', 'BWI', '1000', '1315', 'SMTWTFS');
INSERT INTO FLIGHT VALUES ('099', '00002', 'E392', 'MIA', 'PIT', '1015', '1815', 'SMTWTFS');
INSERT INTO FLIGHT VALUES ('100', '00002', 'B405', 'MIA', 'IND', '0130', '0530', 'SMTWTFS');
INSERT INTO FLIGHT VALUES ('101', '00002', 'M893', 'MIA', 'SAN', '1215', '1530', 'SMTWTFS');
INSERT INTO FLIGHT VALUES ('102', '00002', 'B585', 'MIA', 'MCO', '1245', '2030', 'SMTWTFS');
INSERT INTO FLIGHT VALUES ('103', '00002', 'M893', 'MIA', 'LAS', '1345', '1515', 'SMTWTFS');
INSERT INTO FLIGHT VALUES ('104', '00002', 'B085', 'MIA', 'JFK', '1600', '0100', 'SMTWTFS');
INSERT INTO FLIGHT VALUES ('105', '00002', 'B190', 'MIA', 'BWI', '0045', '0130', 'SMTWTFS');
INSERT INTO FLIGHT VALUES ('106', '00002', 'B085', 'BWI', 'PIT', '0715', '0845', 'SMTWTFS');
INSERT INTO FLIGHT VALUES ('107', '00002', 'E392', 'BWI', 'IND', '2045', '0615', 'SMTWTFS');
INSERT INTO FLIGHT VALUES ('108', '00002', 'B585', 'BWI', 'SAN', '2230', '1030', 'SMTWTFS');
INSERT INTO FLIGHT VALUES ('109', '00002', 'A231', 'BWI', 'MCO', '0000', '0245', 'SMTWTFS');
INSERT INTO FLIGHT VALUES ('110', '00002', 'B585', 'BWI', 'LAS', '0815', '1915', 'SMTWTFS');
INSERT INTO FLIGHT VALUES ('111', '00002', 'L624', 'BWI', 'JFK', '0500', '0715', 'SMTWTFS');
INSERT INTO FLIGHT VALUES ('112', '00002', 'A231', 'BWI', 'MIA', '2000', '0230', 'SMTWTFS');
INSERT INTO FLIGHT VALUES ('113', '00003', 'A226', 'PIT', 'IND', '0415', '1500', 'SMTWTFS');
INSERT INTO FLIGHT VALUES ('114', '00003', 'A916', 'PIT', 'SAN', '2100', '0130', 'SMTWTFS');
INSERT INTO FLIGHT VALUES ('115', '00003', 'L104', 'PIT', 'MCO', '0800', '1200', 'SMTWTFS');
INSERT INTO FLIGHT VALUES ('116', '00003', 'M343', 'PIT', 'LAS', '0645', '1430', 'SMTWTFS');
INSERT INTO FLIGHT VALUES ('117', '00003', 'L104', 'PIT', 'JFK', '1245', '1915', 'SMTWTFS');
INSERT INTO FLIGHT VALUES ('118', '00003', 'M343', 'PIT', 'MIA', '1445', '2200', 'SMTWTFS');
INSERT INTO FLIGHT VALUES ('119', '00003', 'M343', 'PIT', 'BWI', '0115', '0915', 'SMTWTFS');
INSERT INTO FLIGHT VALUES ('120', '00003', 'L904', 'IND', 'PIT', '1615', '0330', 'SMTWTFS');
INSERT INTO FLIGHT VALUES ('121', '00003', 'A886', 'IND', 'SAN', '0300', '1230', 'SMTWTFS');
INSERT INTO FLIGHT VALUES ('122', '00003', 'A351', 'IND', 'MCO', '1700', '0530', 'SMTWTFS');
INSERT INTO FLIGHT VALUES ('123', '00003', 'A886', 'IND', 'LAS', '0015', '0630', 'SMTWTFS');
INSERT INTO FLIGHT VALUES ('124', '00003', 'A226', 'IND', 'JFK', '0300', '1330', 'SMTWTFS');
INSERT INTO FLIGHT VALUES ('125', '00003', 'A886', 'IND', 'MIA', '0045', '1230', 'SMTWTFS');
INSERT INTO FLIGHT VALUES ('126', '00003', 'A106', 'IND', 'BWI', '0915', '1845', 'SMTWTFS');
INSERT INTO FLIGHT VALUES ('127', '00003', 'A106', 'SAN', 'PIT', '0500', '1615', 'SMTWTFS');
INSERT INTO FLIGHT VALUES ('128', '00003', 'L904', 'SAN', 'IND', '1730', '2200', 'SMTWTFS');
INSERT INTO FLIGHT VALUES ('129', '00003', 'A351', 'SAN', 'MCO', '0800', '1145', 'SMTWTFS');
INSERT INTO FLIGHT VALUES ('130', '00003', 'M343', 'SAN', 'LAS', '2045', '0200', 'SMTWTFS');
INSERT INTO FLIGHT VALUES ('131', '00003', 'M343', 'SAN', 'JFK', '0730', '1030', 'SMTWTFS');
INSERT INTO FLIGHT VALUES ('132', '00003', 'L904', 'SAN', 'MIA', '1145', '1630', 'SMTWTFS');
INSERT INTO FLIGHT VALUES ('133', '00003', 'A886', 'SAN', 'BWI', '1915', '2300', 'SMTWTFS');
INSERT INTO FLIGHT VALUES ('134', '00003', 'L104', 'MCO', 'PIT', '2300', '1145', 'SMTWTFS');
INSERT INTO FLIGHT VALUES ('135', '00003', 'A886', 'MCO', 'IND', '0600', '1845', 'SMTWTFS');
INSERT INTO FLIGHT VALUES ('136', '00003', 'A226', 'MCO', 'SAN', '2115', '0430', 'SMTWTFS');
INSERT INTO FLIGHT VALUES ('137', '00003', 'L904', 'MCO', 'LAS', '2230', '0515', 'SMTWTFS');
INSERT INTO FLIGHT VALUES ('138', '00003', 'A916', 'MCO', 'JFK', '1815', '2100', 'SMTWTFS');
INSERT INTO FLIGHT VALUES ('139', '00003', 'M343', 'MCO', 'MIA', '0715', '1715', 'SMTWTFS');
INSERT INTO FLIGHT VALUES ('140', '00003', 'A351', 'MCO', 'BWI', '0315', '1430', 'SMTWTFS');
INSERT INTO FLIGHT VALUES ('141', '00003', 'A351', 'LAS', 'PIT', '2130', '0200', 'SMTWTFS');
INSERT INTO FLIGHT VALUES ('142', '00003', 'A351', 'LAS', 'IND', '1315', '2045', 'SMTWTFS');
INSERT INTO FLIGHT VALUES ('143', '00003', 'L904', 'LAS', 'SAN', '2345', '0400', 'SMTWTFS');
INSERT INTO FLIGHT VALUES ('144', '00003', 'A351', 'LAS', 'MCO', '0200', '1415', 'SMTWTFS');
INSERT INTO FLIGHT VALUES ('145', '00003', 'A916', 'LAS', 'JFK', '0030', '1015', 'SMTWTFS');
INSERT INTO FLIGHT VALUES ('146', '00003', 'A351', 'LAS', 'MIA', '1415', '0045', 'SMTWTFS');
INSERT INTO FLIGHT VALUES ('147', '00003', 'A886', 'LAS', 'BWI', '0215', '0915', 'SMTWTFS');
INSERT INTO FLIGHT VALUES ('148', '00003', 'A351', 'JFK', 'PIT', '1730', '0115', 'SMTWTFS');
INSERT INTO FLIGHT VALUES ('149', '00003', 'L104', 'JFK', 'IND', '2100', '0715', 'SMTWTFS');
INSERT INTO FLIGHT VALUES ('150', '00003', 'L104', 'JFK', 'SAN', '1600', '1745', 'SMTWTFS');
INSERT INTO FLIGHT VALUES ('151', '00003', 'L104', 'JFK', 'MCO', '0330', '0615', 'SMTWTFS');
INSERT INTO FLIGHT VALUES ('152', '00003', 'A886', 'JFK', 'LAS', '1330', '0045', 'SMTWTFS');
INSERT INTO FLIGHT VALUES ('153', '00003', 'A351', 'JFK', 'MIA', '0215', '0845', 'SMTWTFS');
INSERT INTO FLIGHT VALUES ('154', '00003', 'A106', 'JFK', 'BWI', '1600', '0030', 'SMTWTFS');
INSERT INTO FLIGHT VALUES ('155', '00003', 'A351', 'MIA', 'PIT', '0530', '1515', 'SMTWTFS');
INSERT INTO FLIGHT VALUES ('156', '00003', 'A106', 'MIA', 'IND', '1830', '0645', 'SMTWTFS');
INSERT INTO FLIGHT VALUES ('157', '00003', 'M343', 'MIA', 'SAN', '2245', '1015', 'SMTWTFS');
INSERT INTO FLIGHT VALUES ('158', '00003', 'A226', 'MIA', 'MCO', '1130', '1900', 'SMTWTFS');
INSERT INTO FLIGHT VALUES ('159', '00003', 'A226', 'MIA', 'LAS', '0215', '0930', 'SMTWTFS');
INSERT INTO FLIGHT VALUES ('160', '00003', 'L904', 'MIA', 'JFK', '0900', '1815', 'SMTWTFS');
INSERT INTO FLIGHT VALUES ('161', '00003', 'L904', 'MIA', 'BWI', '0000', '0630', 'SMTWTFS');
INSERT INTO FLIGHT VALUES ('162', '00003', 'A106', 'BWI', 'PIT', '0500', '1045', 'SMTWTFS');
INSERT INTO FLIGHT VALUES ('163', '00003', 'A226', 'BWI', 'IND', '1400', '1830', 'SMTWTFS');
INSERT INTO FLIGHT VALUES ('164', '00003', 'M343', 'BWI', 'SAN', '1500', '1715', 'SMTWTFS');
INSERT INTO FLIGHT VALUES ('165', '00003', 'A916', 'BWI', 'MCO', '1900', '0645', 'SMTWTFS');
INSERT INTO FLIGHT VALUES ('166', '00003', 'A886', 'BWI', 'LAS', '1300', '1545', 'SMTWTFS');
INSERT INTO FLIGHT VALUES ('167', '00003', 'A916', 'BWI', 'JFK', '0745', '1430', 'SMTWTFS');
INSERT INTO FLIGHT VALUES ('168', '00003', 'L104', 'BWI', 'MIA', '0830', '0915', 'SMTWTFS');
INSERT INTO FLIGHT VALUES ('169', '00004', 'B210', 'PIT', 'IND', '1145', '2300', 'SMTWTFS');
INSERT INTO FLIGHT VALUES ('170', '00004', 'A041', 'PIT', 'SAN', '2000', '0845', 'SMTWTFS');
INSERT INTO FLIGHT VALUES ('171', '00004', 'B210', 'PIT', 'MCO', '1845', '0545', 'SMTWTFS');
INSERT INTO FLIGHT VALUES ('172', '00004', 'E907', 'PIT', 'LAS', '1730', '0130', 'SMTWTFS');
INSERT INTO FLIGHT VALUES ('173', '00004', 'A711', 'PIT', 'JFK', '2245', '0945', 'SMTWTFS');
INSERT INTO FLIGHT VALUES ('174', '00004', 'B210', 'PIT', 'MIA', '0800', '1545', 'SMTWTFS');
INSERT INTO FLIGHT VALUES ('175', '00004', 'L089', 'PIT', 'BWI', '1715', '2215', 'SMTWTFS');
INSERT INTO FLIGHT VALUES ('176', '00004', 'L089', 'IND', 'PIT', '1545', '0230', 'SMTWTFS');
INSERT INTO FLIGHT VALUES ('177', '00004', 'B210', 'IND', 'SAN', '0230', '1315', 'SMTWTFS');
INSERT INTO FLIGHT VALUES ('178', '00004', 'B210', 'IND', 'MCO', '1100', '1545', 'SMTWTFS');
INSERT INTO FLIGHT VALUES ('179', '00004', 'A041', 'IND', 'LAS', '2100', '0345', 'SMTWTFS');
INSERT INTO FLIGHT VALUES ('180', '00004', 'L089', 'IND', 'JFK', '2230', '0200', 'SMTWTFS');
INSERT INTO FLIGHT VALUES ('181', '00004', 'A041', 'IND', 'MIA', '1100', '1300', 'SMTWTFS');
INSERT INTO FLIGHT VALUES ('182', '00004', 'E907', 'IND', 'BWI', '1500', '1830', 'SMTWTFS');
INSERT INTO FLIGHT VALUES ('183', '00004', 'B210', 'SAN', 'PIT', '0815', '2015', 'SMTWTFS');
INSERT INTO FLIGHT VALUES ('184', '00004', 'A711', 'SAN', 'IND', '0845', '1100', 'SMTWTFS');
INSERT INTO FLIGHT VALUES ('185', '00004', 'B210', 'SAN', 'MCO', '0445', '0530', 'SMTWTFS');
INSERT INTO FLIGHT VALUES ('186', '00004', 'B210', 'SAN', 'LAS', '1800', '2200', 'SMTWTFS');
INSERT INTO FLIGHT VALUES ('187', '00004', 'E907', 'SAN', 'JFK', '1745', '2300', 'SMTWTFS');
INSERT INTO FLIGHT VALUES ('188', '00004', 'B210', 'SAN', 'MIA', '1630', '0200', 'SMTWTFS');
INSERT INTO FLIGHT VALUES ('189', '00004', 'A711', 'SAN', 'BWI', '2330', '1000', 'SMTWTFS');
INSERT INTO FLIGHT VALUES ('190', '00004', 'E907', 'MCO', 'PIT', '1445', '0030', 'SMTWTFS');
INSERT INTO FLIGHT VALUES ('191', '00004', 'A711', 'MCO', 'IND', '1745', '0315', 'SMTWTFS');
INSERT INTO FLIGHT VALUES ('192', '00004', 'L089', 'MCO', 'SAN', '0745', '1830', 'SMTWTFS');
INSERT INTO FLIGHT VALUES ('193', '00004', 'E907', 'MCO', 'LAS', '1630', '0430', 'SMTWTFS');
INSERT INTO FLIGHT VALUES ('194', '00004', 'B210', 'MCO', 'JFK', '1900', '2330', 'SMTWTFS');
INSERT INTO FLIGHT VALUES ('195', '00004', 'A711', 'MCO', 'MIA', '1345', '2245', 'SMTWTFS');
INSERT INTO FLIGHT VALUES ('196', '00004', 'E907', 'MCO', 'BWI', '0430', '0700', 'SMTWTFS');
INSERT INTO FLIGHT VALUES ('197', '00004', 'B210', 'LAS', 'PIT', '1400', '2015', 'SMTWTFS');
INSERT INTO FLIGHT VALUES ('198', '00004', 'L089', 'LAS', 'IND', '1845', '0200', 'SMTWTFS');
INSERT INTO FLIGHT VALUES ('199', '00004', 'A711', 'LAS', 'SAN', '0615', '1345', 'SMTWTFS');
INSERT INTO FLIGHT VALUES ('200', '00004', 'B210', 'LAS', 'MCO', '0500', '0900', 'SMTWTFS');
INSERT INTO FLIGHT VALUES ('201', '00004', 'A041', 'LAS', 'JFK', '2015', '0500', 'SMTWTFS');
INSERT INTO FLIGHT VALUES ('202', '00004', 'A711', 'LAS', 'MIA', '0815', '1100', 'SMTWTFS');
INSERT INTO FLIGHT VALUES ('203', '00004', 'L089', 'LAS', 'BWI', '1500', '1845', 'SMTWTFS');
INSERT INTO FLIGHT VALUES ('204', '00004', 'A711', 'JFK', 'PIT', '1215', '1300', 'SMTWTFS');
INSERT INTO FLIGHT VALUES ('205', '00004', 'A711', 'JFK', 'IND', '2000', '0715', 'SMTWTFS');
INSERT INTO FLIGHT VALUES ('206', '00004', 'B210', 'JFK', 'SAN', '0245', '0400', 'SMTWTFS');
INSERT INTO FLIGHT VALUES ('207', '00004', 'B210', 'JFK', 'MCO', '0645', '1730', 'SMTWTFS');
INSERT INTO FLIGHT VALUES ('208', '00004', 'B210', 'JFK', 'LAS', '0245', '1015', 'SMTWTFS');
INSERT INTO FLIGHT VALUES ('209', '00004', 'A041', 'JFK', 'MIA', '2015', '0545', 'SMTWTFS');
INSERT INTO FLIGHT VALUES ('210', '00004', 'B210', 'JFK', 'BWI', '1630', '0030', 'SMTWTFS');
INSERT INTO FLIGHT VALUES ('211', '00004', 'A711', 'MIA', 'PIT', '0945', '1830', 'SMTWTFS');
INSERT INTO FLIGHT VALUES ('212', '00004', 'A041', 'MIA', 'IND', '1200', '1315', 'SMTWTFS');
INSERT INTO FLIGHT VALUES ('213', '00004', 'E907', 'MIA', 'SAN', '2345', '0845', 'SMTWTFS');
INSERT INTO FLIGHT VALUES ('214', '00004', 'A711', 'MIA', 'MCO', '2145', '0115', 'SMTWTFS');
INSERT INTO FLIGHT VALUES ('215', '00004', 'A041', 'MIA', 'LAS', '1500', '1800', 'SMTWTFS');
INSERT INTO FLIGHT VALUES ('216', '00004', 'B210', 'MIA', 'JFK', '0345', '1330', 'SMTWTFS');
INSERT INTO FLIGHT VALUES ('217', '00004', 'A041', 'MIA', 'BWI', '1115', '1345', 'SMTWTFS');
INSERT INTO FLIGHT VALUES ('218', '00004', 'E907', 'BWI', 'PIT', '1545', '2245', 'SMTWTFS');
INSERT INTO FLIGHT VALUES ('219', '00004', 'L089', 'BWI', 'IND', '0430', '1530', 'SMTWTFS');
INSERT INTO FLIGHT VALUES ('220', '00004', 'A041', 'BWI', 'SAN', '1715', '1915', 'SMTWTFS');
INSERT INTO FLIGHT VALUES ('221', '00004', 'B210', 'BWI', 'MCO', '1500', '0345', 'SMTWTFS');
INSERT INTO FLIGHT VALUES ('222', '00004', 'B210', 'BWI', 'LAS', '1700', '0315', 'SMTWTFS');
INSERT INTO FLIGHT VALUES ('223', '00004', 'B210', 'BWI', 'JFK', '0945', '1130', 'SMTWTFS');
INSERT INTO FLIGHT VALUES ('224', '00004', 'E907', 'BWI', 'MIA', '2145', '0230', 'SMTWTFS');
INSERT INTO FLIGHT VALUES ('225', '00005', 'M078', 'PIT', 'IND', '2115', '0115', 'SMTWTFS');
INSERT INTO FLIGHT VALUES ('226', '00005', 'E752', 'PIT', 'SAN', '1545', '0230', 'SMTWTFS');
INSERT INTO FLIGHT VALUES ('227', '00005', 'M078', 'PIT', 'MCO', '0815', '1900', 'SMTWTFS');
INSERT INTO FLIGHT VALUES ('228', '00005', 'E752', 'PIT', 'LAS', '2030', '2100', 'SMTWTFS');
INSERT INTO FLIGHT VALUES ('229', '00005', 'E752', 'PIT', 'JFK', '1045', '1700', 'SMTWTFS');
INSERT INTO FLIGHT VALUES ('230', '00005', 'M078', 'PIT', 'MIA', '2345', '1100', 'SMTWTFS');
INSERT INTO FLIGHT VALUES ('231', '00005', 'L119', 'PIT', 'BWI', '2145', '0745', 'SMTWTFS');
INSERT INTO FLIGHT VALUES ('232', '00005', 'M138', 'IND', 'PIT', '0745', '1330', 'SMTWTFS');
INSERT INTO FLIGHT VALUES ('233', '00005', 'M138', 'IND', 'SAN', '0100', '1345', 'SMTWTFS');
INSERT INTO FLIGHT VALUES ('234', '00005', 'M138', 'IND', 'MCO', '1145', '2230', 'SMTWTFS');
INSERT INTO FLIGHT VALUES ('235', '00005', 'M078', 'IND', 'LAS', '2100', '0515', 'SMTWTFS');
INSERT INTO FLIGHT VALUES ('236', '00005', 'M078', 'IND', 'JFK', '1500', '0245', 'SMTWTFS');
INSERT INTO FLIGHT VALUES ('237', '00005', 'M078', 'IND', 'MIA', '0315', '0645', 'SMTWTFS');
INSERT INTO FLIGHT VALUES ('238', '00005', 'M078', 'IND', 'BWI', '0230', '1045', 'SMTWTFS');
INSERT INTO FLIGHT VALUES ('239', '00005', 'L119', 'SAN', 'PIT', '1430', '2000', 'SMTWTFS');
INSERT INTO FLIGHT VALUES ('240', '00005', 'E752', 'SAN', 'IND', '0500', '0815', 'SMTWTFS');
INSERT INTO FLIGHT VALUES ('241', '00005', 'L119', 'SAN', 'MCO', '1945', '0600', 'SMTWTFS');
INSERT INTO FLIGHT VALUES ('242', '00005', 'M113', 'SAN', 'LAS', '1630', '1945', 'SMTWTFS');
INSERT INTO FLIGHT VALUES ('243', '00005', 'L119', 'SAN', 'JFK', '0630', '1100', 'SMTWTFS');
INSERT INTO FLIGHT VALUES ('244', '00005', 'E752', 'SAN', 'MIA', '1200', '1315', 'SMTWTFS');
INSERT INTO FLIGHT VALUES ('245', '00005', 'M113', 'SAN', 'BWI', '1945', '2000', 'SMTWTFS');
INSERT INTO FLIGHT VALUES ('246', '00005', 'L119', 'MCO', 'PIT', '0015', '0545', 'SMTWTFS');
INSERT INTO FLIGHT VALUES ('247', '00005', 'M078', 'MCO', 'IND', '0800', '1415', 'SMTWTFS');
INSERT INTO FLIGHT VALUES ('248', '00005', 'M078', 'MCO', 'SAN', '2030', '0115', 'SMTWTFS');
INSERT INTO FLIGHT VALUES ('249', '00005', 'E752', 'MCO', 'LAS', '1400', '0230', 'SMTWTFS');
INSERT INTO FLIGHT VALUES ('250', '00005', 'M078', 'MCO', 'JFK', '1330', '0115', 'SMTWTFS');
INSERT INTO FLIGHT VALUES ('251', '00005', 'E752', 'MCO', 'MIA', '1115', '1515', 'SMTWTFS');
INSERT INTO FLIGHT VALUES ('252', '00005', 'E752', 'MCO', 'BWI', '1230', '2015', 'SMTWTFS');
INSERT INTO FLIGHT VALUES ('253', '00005', 'L119', 'LAS', 'PIT', '1945', '0700', 'SMTWTFS');
INSERT INTO FLIGHT VALUES ('254', '00005', 'M138', 'LAS', 'IND', '0345', '0400', 'SMTWTFS');
INSERT INTO FLIGHT VALUES ('255', '00005', 'L119', 'LAS', 'SAN', '2315', '0800', 'SMTWTFS');
INSERT INTO FLIGHT VALUES ('256', '00005', 'M078', 'LAS', 'MCO', '1445', '0030', 'SMTWTFS');
INSERT INTO FLIGHT VALUES ('257', '00005', 'M113', 'LAS', 'JFK', '1600', '0415', 'SMTWTFS');
INSERT INTO FLIGHT VALUES ('258', '00005', 'M138', 'LAS', 'MIA', '0015', '0700', 'SMTWTFS');
INSERT INTO FLIGHT VALUES ('259', '00005', 'M113', 'LAS', 'BWI', '1330', '1700', 'SMTWTFS');
INSERT INTO FLIGHT VALUES ('260', '00005', 'E752', 'JFK', 'PIT', '1915', '0645', 'SMTWTFS');
INSERT INTO FLIGHT VALUES ('261', '00005', 'M078', 'JFK', 'IND', '0400', '0615', 'SMTWTFS');
INSERT INTO FLIGHT VALUES ('262', '00005', 'M078', 'JFK', 'SAN', '2015', '0515', 'SMTWTFS');
INSERT INTO FLIGHT VALUES ('263', '00005', 'M078', 'JFK', 'MCO', '0015', '1215', 'SMTWTFS');
INSERT INTO FLIGHT VALUES ('264', '00005', 'M113', 'JFK', 'LAS', '0530', '1430', 'SMTWTFS');
INSERT INTO FLIGHT VALUES ('265', '00005', 'L119', 'JFK', 'MIA', '1600', '0415', 'SMTWTFS');
INSERT INTO FLIGHT VALUES ('266', '00005', 'M113', 'JFK', 'BWI', '1515', '2330', 'SMTWTFS');
INSERT INTO FLIGHT VALUES ('267', '00005', 'M138', 'MIA', 'PIT', '2130', '0500', 'SMTWTFS');
INSERT INTO FLIGHT VALUES ('268', '00005', 'M113', 'MIA', 'IND', '1215', '1600', 'SMTWTFS');
INSERT INTO FLIGHT VALUES ('269', '00005', 'M078', 'MIA', 'SAN', '0900', '1815', 'SMTWTFS');
INSERT INTO FLIGHT VALUES ('270', '00005', 'E752', 'MIA', 'MCO', '0130', '0530', 'SMTWTFS');
INSERT INTO FLIGHT VALUES ('271', '00005', 'L119', 'MIA', 'LAS', '0930', '1030', 'SMTWTFS');
INSERT INTO FLIGHT VALUES ('272', '00005', 'L119', 'MIA', 'JFK', '0045', '0845', 'SMTWTFS');
INSERT INTO FLIGHT VALUES ('273', '00005', 'E752', 'MIA', 'BWI', '2045', '0630', 'SMTWTFS');
INSERT INTO FLIGHT VALUES ('274', '00005', 'M113', 'BWI', 'PIT', '2200', '0400', 'SMTWTFS');
INSERT INTO FLIGHT VALUES ('275', '00005', 'L119', 'BWI', 'IND', '1715', '2200', 'SMTWTFS');
INSERT INTO FLIGHT VALUES ('276', '00005', 'M138', 'BWI', 'SAN', '0430', '1445', 'SMTWTFS');
INSERT INTO FLIGHT VALUES ('277', '00005', 'M078', 'BWI', 'MCO', '1345', '0115', 'SMTWTFS');
INSERT INTO FLIGHT VALUES ('278', '00005', 'M113', 'BWI', 'LAS', '0930', '1800', 'SMTWTFS');
INSERT INTO FLIGHT VALUES ('279', '00005', 'M113', 'BWI', 'JFK', '0600', '1615', 'SMTWTFS');
INSERT INTO FLIGHT VALUES ('280', '00005', 'E752', 'BWI', 'MIA', '1900', '0045', 'SMTWTFS');
INSERT INTO FLIGHT VALUES ('281', '00006', 'M223', 'PIT', 'IND', '1715', '1930', 'SMTWTFS');
INSERT INTO FLIGHT VALUES ('282', '00006', 'M483', 'PIT', 'SAN', '0930', '1645', 'SMTWTFS');
INSERT INTO FLIGHT VALUES ('283', '00006', 'B570', 'PIT', 'MCO', '0345', '1045', 'SMTWTFS');
INSERT INTO FLIGHT VALUES ('284', '00006', 'M483', 'PIT', 'LAS', '0645', '1615', 'SMTWTFS');
INSERT INTO FLIGHT VALUES ('285', '00006', 'A416', 'PIT', 'JFK', '1100', '2215', 'SMTWTFS');
INSERT INTO FLIGHT VALUES ('286', '00006', 'M483', 'PIT', 'MIA', '0345', '1330', 'SMTWTFS');
INSERT INTO FLIGHT VALUES ('287', '00006', 'M483', 'PIT', 'BWI', '0615', '0830', 'SMTWTFS');
INSERT INTO FLIGHT VALUES ('288', '00006', 'A416', 'IND', 'PIT', '1745', '0415', 'SMTWTFS');
INSERT INTO FLIGHT VALUES ('289', '00006', 'M223', 'IND', 'SAN', '2030', '0000', 'SMTWTFS');
INSERT INTO FLIGHT VALUES ('290', '00006', 'M483', 'IND', 'MCO', '1830', '0230', 'SMTWTFS');
INSERT INTO FLIGHT VALUES ('291', '00006', 'M223', 'IND', 'LAS', '0215', '0615', 'SMTWTFS');
INSERT INTO FLIGHT VALUES ('292', '00006', 'E962', 'IND', 'JFK', '1100', '1800', 'SMTWTFS');
INSERT INTO FLIGHT VALUES ('293', '00006', 'E962', 'IND', 'MIA', '1830', '2215', 'SMTWTFS');
INSERT INTO FLIGHT VALUES ('294', '00006', 'A416', 'IND', 'BWI', '1545', '2345', 'SMTWTFS');
INSERT INTO FLIGHT VALUES ('295', '00006', 'M223', 'SAN', 'PIT', '0530', '0945', 'SMTWTFS');
INSERT INTO FLIGHT VALUES ('296', '00006', 'A416', 'SAN', 'IND', '0945', '2145', 'SMTWTFS');
INSERT INTO FLIGHT VALUES ('297', '00006', 'E962', 'SAN', 'MCO', '1945', '0545', 'SMTWTFS');
INSERT INTO FLIGHT VALUES ('298', '00006', 'E962', 'SAN', 'LAS', '0345', '1045', 'SMTWTFS');
INSERT INTO FLIGHT VALUES ('299', '00006', 'A416', 'SAN', 'JFK', '0115', '0900', 'SMTWTFS');
INSERT INTO FLIGHT VALUES ('300', '00006', 'A416', 'SAN', 'MIA', '2130', '0130', 'SMTWTFS');
INSERT INTO FLIGHT VALUES ('301', '00006', 'E962', 'SAN', 'BWI', '0715', '0945', 'SMTWTFS');
INSERT INTO FLIGHT VALUES ('302', '00006', 'M223', 'MCO', 'PIT', '2030', '0030', 'SMTWTFS');
INSERT INTO FLIGHT VALUES ('303', '00006', 'A416', 'MCO', 'IND', '0500', '1230', 'SMTWTFS');
INSERT INTO FLIGHT VALUES ('304', '00006', 'A416', 'MCO', 'SAN', '1145', '1545', 'SMTWTFS');
INSERT INTO FLIGHT VALUES ('305', '00006', 'M483', 'MCO', 'LAS', '2215', '2345', 'SMTWTFS');
INSERT INTO FLIGHT VALUES ('306', '00006', 'B570', 'MCO', 'JFK', '1045', '1145', 'SMTWTFS');
INSERT INTO FLIGHT VALUES ('307', '00006', 'B570', 'MCO', 'MIA', '1800', '0000', 'SMTWTFS');
INSERT INTO FLIGHT VALUES ('308', '00006', 'E962', 'MCO', 'BWI', '0515', '1615', 'SMTWTFS');
INSERT INTO FLIGHT VALUES ('309', '00006', 'A416', 'LAS', 'PIT', '0245', '1200', 'SMTWTFS');
INSERT INTO FLIGHT VALUES ('310', '00006', 'M223', 'LAS', 'IND', '2000', '0600', 'SMTWTFS');
INSERT INTO FLIGHT VALUES ('311', '00006', 'E962', 'LAS', 'SAN', '1730', '2045', 'SMTWTFS');
INSERT INTO FLIGHT VALUES ('312', '00006', 'M483', 'LAS', 'MCO', '0930', '1500', 'SMTWTFS');
INSERT INTO FLIGHT VALUES ('313', '00006', 'A416', 'LAS', 'JFK', '1230', '1530', 'SMTWTFS');
INSERT INTO FLIGHT VALUES ('314', '00006', 'A416', 'LAS', 'MIA', '0000', '0445', 'SMTWTFS');
INSERT INTO FLIGHT VALUES ('315', '00006', 'E962', 'LAS', 'BWI', '1215', '2345', 'SMTWTFS');
INSERT INTO FLIGHT VALUES ('316', '00006', 'B570', 'JFK', 'PIT', '0200', '1445', 'SMTWTFS');
INSERT INTO FLIGHT VALUES ('317', '00006', 'B570', 'JFK', 'IND', '1730', '2245', 'SMTWTFS');
INSERT INTO FLIGHT VALUES ('318', '00006', 'M483', 'JFK', 'SAN', '1245', '2145', 'SMTWTFS');
INSERT INTO FLIGHT VALUES ('319', '00006', 'M223', 'JFK', 'MCO', '1400', '1500', 'SMTWTFS');
INSERT INTO FLIGHT VALUES ('320', '00006', 'M483', 'JFK', 'LAS', '0030', '0915', 'SMTWTFS');
INSERT INTO FLIGHT VALUES ('321', '00006', 'M483', 'JFK', 'MIA', '0100', '0245', 'SMTWTFS');
INSERT INTO FLIGHT VALUES ('322', '00006', 'M223', 'JFK', 'BWI', '0515', '1000', 'SMTWTFS');
INSERT INTO FLIGHT VALUES ('323', '00006', 'M223', 'MIA', 'PIT', '0915', '2115', 'SMTWTFS');
INSERT INTO FLIGHT VALUES ('324', '00006', 'B570', 'MIA', 'IND', '1015', '1300', 'SMTWTFS');
INSERT INTO FLIGHT VALUES ('325', '00006', 'M223', 'MIA', 'SAN', '1430', '2045', 'SMTWTFS');
INSERT INTO FLIGHT VALUES ('326', '00006', 'B570', 'MIA', 'MCO', '0300', '1200', 'SMTWTFS');
INSERT INTO FLIGHT VALUES ('327', '00006', 'A416', 'MIA', 'LAS', '0515', '1330', 'SMTWTFS');
INSERT INTO FLIGHT VALUES ('328', '00006', 'M483', 'MIA', 'JFK', '1830', '0415', 'SMTWTFS');
INSERT INTO FLIGHT VALUES ('329', '00006', 'M223', 'MIA', 'BWI', '0915', '2030', 'SMTWTFS');
INSERT INTO FLIGHT VALUES ('330', '00006', 'A416', 'BWI', 'PIT', '0015', '1000', 'SMTWTFS');
INSERT INTO FLIGHT VALUES ('331', '00006', 'A416', 'BWI', 'IND', '0100', '0445', 'SMTWTFS');
INSERT INTO FLIGHT VALUES ('332', '00006', 'B570', 'BWI', 'SAN', '0930', '1330', 'SMTWTFS');
INSERT INTO FLIGHT VALUES ('333', '00006', 'M223', 'BWI', 'MCO', '1345', '2100', 'SMTWTFS');
INSERT INTO FLIGHT VALUES ('334', '00006', 'E962', 'BWI', 'LAS', '1545', '2130', 'SMTWTFS');
INSERT INTO FLIGHT VALUES ('335', '00006', 'M223', 'BWI', 'JFK', '0945', '1245', 'SMTWTFS');
INSERT INTO FLIGHT VALUES ('336', '00006', 'M483', 'BWI', 'MIA', '1830', '0600', 'SMTWTFS');
INSERT INTO FLIGHT VALUES ('337', '00007', 'M783', 'PIT', 'IND', '0645', '1330', 'SMTWTFS');
INSERT INTO FLIGHT VALUES ('338', '00007', 'B475', 'PIT', 'SAN', '0400', '1100', 'SMTWTFS');
INSERT INTO FLIGHT VALUES ('339', '00007', 'B475', 'PIT', 'MCO', '0930', '1930', 'SMTWTFS');
INSERT INTO FLIGHT VALUES ('340', '00007', 'E627', 'PIT', 'LAS', '0300', '0815', 'SMTWTFS');
INSERT INTO FLIGHT VALUES ('341', '00007', 'L044', 'PIT', 'JFK', '0115', '0515', 'SMTWTFS');
INSERT INTO FLIGHT VALUES ('342', '00007', 'E737', 'PIT', 'MIA', '1245', '1415', 'SMTWTFS');
INSERT INTO FLIGHT VALUES ('343', '00007', 'E627', 'PIT', 'BWI', '0730', '1215', 'SMTWTFS');
INSERT INTO FLIGHT VALUES ('344', '00007', 'L264', 'IND', 'PIT', '0445', '1115', 'SMTWTFS');
INSERT INTO FLIGHT VALUES ('345', '00007', 'L044', 'IND', 'SAN', '0745', '1715', 'SMTWTFS');
INSERT INTO FLIGHT VALUES ('346', '00007', 'E627', 'IND', 'MCO', '0915', '1915', 'SMTWTFS');
INSERT INTO FLIGHT VALUES ('347', '00007', 'E932', 'IND', 'LAS', '1100', '1230', 'SMTWTFS');
INSERT INTO FLIGHT VALUES ('348', '00007', 'L044', 'IND', 'JFK', '0130', '1230', 'SMTWTFS');
INSERT INTO FLIGHT VALUES ('349', '00007', 'L534', 'IND', 'MIA', '0700', '1915', 'SMTWTFS');
INSERT INTO FLIGHT VALUES ('350', '00007', 'L534', 'IND', 'BWI', '0400', '0830', 'SMTWTFS');
INSERT INTO FLIGHT VALUES ('351', '00007', 'B475', 'SAN', 'PIT', '0115', '1015', 'SMTWTFS');
INSERT INTO FLIGHT VALUES ('352', '00007', 'M303', 'SAN', 'IND', '2230', '0300', 'SMTWTFS');
INSERT INTO FLIGHT VALUES ('353', '00007', 'L674', 'SAN', 'MCO', '2130', '0845', 'SMTWTFS');
INSERT INTO FLIGHT VALUES ('354', '00007', 'L264', 'SAN', 'LAS', '1230', '1745', 'SMTWTFS');
INSERT INTO FLIGHT VALUES ('355', '00007', 'M783', 'SAN', 'JFK', '1315', '1615', 'SMTWTFS');
INSERT INTO FLIGHT VALUES ('356', '00007', 'L264', 'SAN', 'MIA', '0615', '1015', 'SMTWTFS');
INSERT INTO FLIGHT VALUES ('357', '00007', 'L534', 'SAN', 'BWI', '1700', '2100', 'SMTWTFS');
INSERT INTO FLIGHT VALUES ('358', '00007', 'B475', 'MCO', 'PIT', '0700', '0815', 'SMTWTFS');
INSERT INTO FLIGHT VALUES ('359', '00007', 'L044', 'MCO', 'IND', '0645', '0845', 'SMTWTFS');
INSERT INTO FLIGHT VALUES ('360', '00007', 'E627', 'MCO', 'SAN', '0300', '1545', 'SMTWTFS');
INSERT INTO FLIGHT VALUES ('361', '00007', 'E932', 'MCO', 'LAS', '1800', '2345', 'SMTWTFS');
INSERT INTO FLIGHT VALUES ('362', '00007', 'E627', 'MCO', 'JFK', '0300', '1545', 'SMTWTFS');
INSERT INTO FLIGHT VALUES ('363', '00007', 'L264', 'MCO', 'MIA', '2130', '0715', 'SMTWTFS');
INSERT INTO FLIGHT VALUES ('364', '00007', 'M303', 'MCO', 'BWI', '1015', '2000', 'SMTWTFS');
INSERT INTO FLIGHT VALUES ('365', '00007', 'L264', 'LAS', 'PIT', '1530', '2245', 'SMTWTFS');
INSERT INTO FLIGHT VALUES ('366', '00007', 'L674', 'LAS', 'IND', '2330', '1030', 'SMTWTFS');
INSERT INTO FLIGHT VALUES ('367', '00007', 'L044', 'LAS', 'SAN', '0115', '0515', 'SMTWTFS');
INSERT INTO FLIGHT VALUES ('368', '00007', 'B475', 'LAS', 'MCO', '1100', '1430', 'SMTWTFS');
INSERT INTO FLIGHT VALUES ('369', '00007', 'L534', 'LAS', 'JFK', '1430', '0130', 'SMTWTFS');
INSERT INTO FLIGHT VALUES ('370', '00007', 'E932', 'LAS', 'MIA', '0245', '0345', 'SMTWTFS');
INSERT INTO FLIGHT VALUES ('371', '00007', 'E932', 'LAS', 'BWI', '1700', '0030', 'SMTWTFS');
INSERT INTO FLIGHT VALUES ('372', '00007', 'L264', 'JFK', 'PIT', '1430', '2030', 'SMTWTFS');
INSERT INTO FLIGHT VALUES ('373', '00007', 'B475', 'JFK', 'IND', '2030', '0230', 'SMTWTFS');
INSERT INTO FLIGHT VALUES ('374', '00007', 'L044', 'JFK', 'SAN', '0600', '1345', 'SMTWTFS');
INSERT INTO FLIGHT VALUES ('375', '00007', 'L674', 'JFK', 'MCO', '0300', '0500', 'SMTWTFS');
INSERT INTO FLIGHT VALUES ('376', '00007', 'E737', 'JFK', 'LAS', '0830', '1430', 'SMTWTFS');
INSERT INTO FLIGHT VALUES ('377', '00007', 'L264', 'JFK', 'MIA', '0845', '1815', 'SMTWTFS');
INSERT INTO FLIGHT VALUES ('378', '00007', 'E932', 'JFK', 'BWI', '1630', '0130', 'SMTWTFS');
INSERT INTO FLIGHT VALUES ('379', '00007', 'L044', 'MIA', 'PIT', '2230', '0530', 'SMTWTFS');
INSERT INTO FLIGHT VALUES ('380', '00007', 'E627', 'MIA', 'IND', '0700', '1745', 'SMTWTFS');
INSERT INTO FLIGHT VALUES ('381', '00007', 'E737', 'MIA', 'SAN', '1630', '0345', 'SMTWTFS');
INSERT INTO FLIGHT VALUES ('382', '00007', 'L264', 'MIA', 'MCO', '1815', '0230', 'SMTWTFS');
INSERT INTO FLIGHT VALUES ('383', '00007', 'B475', 'MIA', 'LAS', '1815', '0545', 'SMTWTFS');
INSERT INTO FLIGHT VALUES ('384', '00007', 'L264', 'MIA', 'JFK', '0545', '1500', 'SMTWTFS');
INSERT INTO FLIGHT VALUES ('385', '00007', 'E627', 'MIA', 'BWI', '0045', '0530', 'SMTWTFS');
INSERT INTO FLIGHT VALUES ('386', '00007', 'E737', 'BWI', 'PIT', '1145', '2200', 'SMTWTFS');
INSERT INTO FLIGHT VALUES ('387', '00007', 'E737', 'BWI', 'IND', '0030', '0700', 'SMTWTFS');
INSERT INTO FLIGHT VALUES ('388', '00007', 'B475', 'BWI', 'SAN', '0745', '1815', 'SMTWTFS');
INSERT INTO FLIGHT VALUES ('389', '00007', 'L264', 'BWI', 'MCO', '0215', '0500', 'SMTWTFS');
INSERT INTO FLIGHT VALUES ('390', '00007', 'L264', 'BWI', 'LAS', '1100', '1900', 'SMTWTFS');
INSERT INTO FLIGHT VALUES ('391', '00007', 'B475', 'BWI', 'JFK', '0230', '0930', 'SMTWTFS');
INSERT INTO FLIGHT VALUES ('392', '00007', 'L264', 'BWI', 'MIA', '0330', '1130', 'SMTWTFS');
INSERT INTO FLIGHT VALUES ('393', '00008', 'A946', 'PIT', 'IND', '0200', '0415', 'SMTWTFS');
INSERT INTO FLIGHT VALUES ('394', '00008', 'B150', 'PIT', 'SAN', '0215', '1000', 'SMTWTFS');
INSERT INTO FLIGHT VALUES ('395', '00008', 'A946', 'PIT', 'MCO', '1730', '2330', 'SMTWTFS');
INSERT INTO FLIGHT VALUES ('396', '00008', 'B150', 'PIT', 'LAS', '1915', '0315', 'SMTWTFS');
INSERT INTO FLIGHT VALUES ('397', '00008', 'B150', 'PIT', 'JFK', '0215', '1330', 'SMTWTFS');
INSERT INTO FLIGHT VALUES ('398', '00008', 'B150', 'PIT', 'MIA', '0000', '0115', 'SMTWTFS');
INSERT INTO FLIGHT VALUES ('399', '00008', 'B150', 'PIT', 'BWI', '2345', '0930', 'SMTWTFS');
INSERT INTO FLIGHT VALUES ('400', '00008', 'A946', 'IND', 'PIT', '0130', '0445', 'SMTWTFS');
INSERT INTO FLIGHT VALUES ('401', '00008', 'A946', 'IND', 'SAN', '1500', '0345', 'SMTWTFS');
INSERT INTO FLIGHT VALUES ('402', '00008', 'A946', 'IND', 'MCO', '0830', '1430', 'SMTWTFS');
INSERT INTO FLIGHT VALUES ('403', '00008', 'A946', 'IND', 'LAS', '1515', '2200', 'SMTWTFS');
INSERT INTO FLIGHT VALUES ('404', '00008', 'A946', 'IND', 'JFK', '0915', '2000', 'SMTWTFS');
INSERT INTO FLIGHT VALUES ('405', '00008', 'A946', 'IND', 'MIA', '1015', '2030', 'SMTWTFS');
INSERT INTO FLIGHT VALUES ('406', '00008', 'B150', 'IND', 'BWI', '0030', '0715', 'SMTWTFS');
INSERT INTO FLIGHT VALUES ('407', '00008', 'A946', 'SAN', 'PIT', '1845', '2030', 'SMTWTFS');
INSERT INTO FLIGHT VALUES ('408', '00008', 'B150', 'SAN', 'IND', '1315', '1645', 'SMTWTFS');
INSERT INTO FLIGHT VALUES ('409', '00008', 'B150', 'SAN', 'MCO', '2215', '0700', 'SMTWTFS');
INSERT INTO FLIGHT VALUES ('410', '00008', 'A946', 'SAN', 'LAS', '0430', '1000', 'SMTWTFS');
INSERT INTO FLIGHT VALUES ('411', '00008', 'A946', 'SAN', 'JFK', '0500', '1730', 'SMTWTFS');
INSERT INTO FLIGHT VALUES ('412', '00008', 'B150', 'SAN', 'MIA', '0930', '1000', 'SMTWTFS');
INSERT INTO FLIGHT VALUES ('413', '00008', 'A946', 'SAN', 'BWI', '0045', '0115', 'SMTWTFS');
INSERT INTO FLIGHT VALUES ('414', '00008', 'B150', 'MCO', 'PIT', '0830', '1630', 'SMTWTFS');
INSERT INTO FLIGHT VALUES ('415', '00008', 'A946', 'MCO', 'IND', '2245', '0330', 'SMTWTFS');
INSERT INTO FLIGHT VALUES ('416', '00008', 'A946', 'MCO', 'SAN', '0630', '1500', 'SMTWTFS');
INSERT INTO FLIGHT VALUES ('417', '00008', 'A946', 'MCO', 'LAS', '2000', '0145', 'SMTWTFS');
INSERT INTO FLIGHT VALUES ('418', '00008', 'B150', 'MCO', 'JFK', '0615', '1145', 'SMTWTFS');
INSERT INTO FLIGHT VALUES ('419', '00008', 'B150', 'MCO', 'MIA', '2330', '0330', 'SMTWTFS');
INSERT INTO FLIGHT VALUES ('420', '00008', 'A946', 'MCO', 'BWI', '1430', '1815', 'SMTWTFS');
INSERT INTO FLIGHT VALUES ('421', '00008', 'B150', 'LAS', 'PIT', '0645', '0900', 'SMTWTFS');
INSERT INTO FLIGHT VALUES ('422', '00008', 'B150', 'LAS', 'IND', '2000', '2100', 'SMTWTFS');
INSERT INTO FLIGHT VALUES ('423', '00008', 'A946', 'LAS', 'SAN', '0730', '1300', 'SMTWTFS');
INSERT INTO FLIGHT VALUES ('424', '00008', 'A946', 'LAS', 'MCO', '1300', '0000', 'SMTWTFS');
INSERT INTO FLIGHT VALUES ('425', '00008', 'A946', 'LAS', 'JFK', '1100', '1215', 'SMTWTFS');
INSERT INTO FLIGHT VALUES ('426', '00008', 'B150', 'LAS', 'MIA', '0930', '1945', 'SMTWTFS');
INSERT INTO FLIGHT VALUES ('427', '00008', 'B150', 'LAS', 'BWI', '0415', '0930', 'SMTWTFS');
INSERT INTO FLIGHT VALUES ('428', '00008', 'B150', 'JFK', 'PIT', '1130', '1315', 'SMTWTFS');
INSERT INTO FLIGHT VALUES ('429', '00008', 'B150', 'JFK', 'IND', '1745', '2230', 'SMTWTFS');
INSERT INTO FLIGHT VALUES ('430', '00008', 'B150', 'JFK', 'SAN', '1330', '2215', 'SMTWTFS');
INSERT INTO FLIGHT VALUES ('431', '00008', 'B150', 'JFK', 'MCO', '0345', '1245', 'SMTWTFS');
INSERT INTO FLIGHT VALUES ('432', '00008', 'A946', 'JFK', 'LAS', '1645', '2315', 'SMTWTFS');
INSERT INTO FLIGHT VALUES ('433', '00008', 'B150', 'JFK', 'MIA', '2030', '2100', 'SMTWTFS');
INSERT INTO FLIGHT VALUES ('434', '00008', 'A946', 'JFK', 'BWI', '2130', '0030', 'SMTWTFS');
INSERT INTO FLIGHT VALUES ('435', '00008', 'B150', 'MIA', 'PIT', '1815', '2345', 'SMTWTFS');
INSERT INTO FLIGHT VALUES ('436', '00008', 'B150', 'MIA', 'IND', '0745', '0815', 'SMTWTFS');
INSERT INTO FLIGHT VALUES ('437', '00008', 'A946', 'MIA', 'SAN', '0730', '0945', 'SMTWTFS');
INSERT INTO FLIGHT VALUES ('438', '00008', 'A946', 'MIA', 'MCO', '2330', '0600', 'SMTWTFS');
INSERT INTO FLIGHT VALUES ('439', '00008', 'B150', 'MIA', 'LAS', '0730', '1545', 'SMTWTFS');
INSERT INTO FLIGHT VALUES ('440', '00008', 'B150', 'MIA', 'JFK', '1100', '2000', 'SMTWTFS');
INSERT INTO FLIGHT VALUES ('441', '00008', 'A946', 'MIA', 'BWI', '0230', '1330', 'SMTWTFS');
INSERT INTO FLIGHT VALUES ('442', '00008', 'A946', 'BWI', 'PIT', '0345', '1100', 'SMTWTFS');
INSERT INTO FLIGHT VALUES ('443', '00008', 'B150', 'BWI', 'IND', '1645', '0415', 'SMTWTFS');
INSERT INTO FLIGHT VALUES ('444', '00008', 'B150', 'BWI', 'SAN', '1745', '1930', 'SMTWTFS');
INSERT INTO FLIGHT VALUES ('445', '00008', 'A946', 'BWI', 'MCO', '0900', '1630', 'SMTWTFS');
INSERT INTO FLIGHT VALUES ('446', '00008', 'A946', 'BWI', 'LAS', '0630', '1600', 'SMTWTFS');
INSERT INTO FLIGHT VALUES ('447', '00008', 'B150', 'BWI', 'JFK', '1845', '2115', 'SMTWTFS');
INSERT INTO FLIGHT VALUES ('448', '00008', 'B150', 'BWI', 'MIA', '2315', '0615', 'SMTWTFS');
INSERT INTO FLIGHT VALUES ('449', '00009', 'M878', 'PIT', 'IND', '1345', '1630', 'SMTWTFS');
INSERT INTO FLIGHT VALUES ('450', '00009', 'A301', 'PIT', 'SAN', '2030', '0545', 'SMTWTFS');
INSERT INTO FLIGHT VALUES ('451', '00009', 'B750', 'PIT', 'MCO', '0415', '0600', 'SMTWTFS');
INSERT INTO FLIGHT VALUES ('452', '00009', 'A941', 'PIT', 'LAS', '1900', '0215', 'SMTWTFS');
INSERT INTO FLIGHT VALUES ('453', '00009', 'M878', 'PIT', 'JFK', '0430', '1515', 'SMTWTFS');
INSERT INTO FLIGHT VALUES ('454', '00009', 'L824', 'PIT', 'MIA', '1915', '2130', 'SMTWTFS');
INSERT INTO FLIGHT VALUES ('455', '00009', 'A301', 'PIT', 'BWI', '0145', '1345', 'SMTWTFS');
INSERT INTO FLIGHT VALUES ('456', '00009', 'A301', 'IND', 'PIT', '0730', '1045', 'SMTWTFS');
INSERT INTO FLIGHT VALUES ('457', '00009', 'L824', 'IND', 'SAN', '1345', '2300', 'SMTWTFS');
INSERT INTO FLIGHT VALUES ('458', '00009', 'A941', 'IND', 'MCO', '0230', '1400', 'SMTWTFS');
INSERT INTO FLIGHT VALUES ('459', '00009', 'A301', 'IND', 'LAS', '1600', '2000', 'SMTWTFS');
INSERT INTO FLIGHT VALUES ('460', '00009', 'L824', 'IND', 'JFK', '0500', '1615', 'SMTWTFS');
INSERT INTO FLIGHT VALUES ('461', '00009', 'M923', 'IND', 'MIA', '0215', '0515', 'SMTWTFS');
INSERT INTO FLIGHT VALUES ('462', '00009', 'E167', 'IND', 'BWI', '1615', '0445', 'SMTWTFS');
INSERT INTO FLIGHT VALUES ('463', '00009', 'E167', 'SAN', 'PIT', '1545', '0130', 'SMTWTFS');
INSERT INTO FLIGHT VALUES ('464', '00009', 'M878', 'SAN', 'IND', '0930', '1500', 'SMTWTFS');
INSERT INTO FLIGHT VALUES ('465', '00009', 'M878', 'SAN', 'MCO', '0215', '0415', 'SMTWTFS');
INSERT INTO FLIGHT VALUES ('466', '00009', 'A941', 'SAN', 'LAS', '0015', '0245', 'SMTWTFS');
INSERT INTO FLIGHT VALUES ('467', '00009', 'A941', 'SAN', 'JFK', '0630', '1145', 'SMTWTFS');
INSERT INTO FLIGHT VALUES ('468', '00009', 'A941', 'SAN', 'MIA', '1500', '2200', 'SMTWTFS');
INSERT INTO FLIGHT VALUES ('469', '00009', 'A301', 'SAN', 'BWI', '1315', '2045', 'SMTWTFS');
INSERT INTO FLIGHT VALUES ('470', '00009', 'M923', 'MCO', 'PIT', '1700', '0500', 'SMTWTFS');
INSERT INTO FLIGHT VALUES ('471', '00009', 'A941', 'MCO', 'IND', '0545', '0600', 'SMTWTFS');
INSERT INTO FLIGHT VALUES ('472', '00009', 'A301', 'MCO', 'SAN', '1900', '0045', 'SMTWTFS');
INSERT INTO FLIGHT VALUES ('473', '00009', 'L824', 'MCO', 'LAS', '1515', '1945', 'SMTWTFS');
INSERT INTO FLIGHT VALUES ('474', '00009', 'L824', 'MCO', 'JFK', '2100', '0500', 'SMTWTFS');
INSERT INTO FLIGHT VALUES ('475', '00009', 'A941', 'MCO', 'MIA', '1730', '2200', 'SMTWTFS');
INSERT INTO FLIGHT VALUES ('476', '00009', 'A941', 'MCO', 'BWI', '1515', '1900', 'SMTWTFS');
INSERT INTO FLIGHT VALUES ('477', '00009', 'L824', 'LAS', 'PIT', '0430', '1130', 'SMTWTFS');
INSERT INTO FLIGHT VALUES ('478', '00009', 'M923', 'LAS', 'IND', '1800', '0345', 'SMTWTFS');
INSERT INTO FLIGHT VALUES ('479', '00009', 'A536', 'LAS', 'SAN', '1045', '1730', 'SMTWTFS');
INSERT INTO FLIGHT VALUES ('480', '00009', 'A301', 'LAS', 'MCO', '0915', '1045', 'SMTWTFS');
INSERT INTO FLIGHT VALUES ('481', '00009', 'L824', 'LAS', 'JFK', '2315', '0245', 'SMTWTFS');
INSERT INTO FLIGHT VALUES ('482', '00009', 'A301', 'LAS', 'MIA', '2100', '0300', 'SMTWTFS');
INSERT INTO FLIGHT VALUES ('483', '00009', 'A536', 'LAS', 'BWI', '0315', '0400', 'SMTWTFS');
INSERT INTO FLIGHT VALUES ('484', '00009', 'A301', 'JFK', 'PIT', '1115', '1915', 'SMTWTFS');
INSERT INTO FLIGHT VALUES ('485', '00009', 'E167', 'JFK', 'IND', '1915', '2030', 'SMTWTFS');
INSERT INTO FLIGHT VALUES ('486', '00009', 'M878', 'JFK', 'SAN', '0515', '1515', 'SMTWTFS');
INSERT INTO FLIGHT VALUES ('487', '00009', 'B750', 'JFK', 'MCO', '2300', '0300', 'SMTWTFS');
INSERT INTO FLIGHT VALUES ('488', '00009', 'E167', 'JFK', 'LAS', '0530', '1530', 'SMTWTFS');
INSERT INTO FLIGHT VALUES ('489', '00009', 'A301', 'JFK', 'MIA', '2145', '2215', 'SMTWTFS');
INSERT INTO FLIGHT VALUES ('490', '00009', 'L824', 'JFK', 'BWI', '2345', '0745', 'SMTWTFS');
INSERT INTO FLIGHT VALUES ('491', '00009', 'B750', 'MIA', 'PIT', '0030', '0200', 'SMTWTFS');
INSERT INTO FLIGHT VALUES ('492', '00009', 'M923', 'MIA', 'IND', '0600', '1230', 'SMTWTFS');
INSERT INTO FLIGHT VALUES ('493', '00009', 'L824', 'MIA', 'SAN', '0030', '0545', 'SMTWTFS');
INSERT INTO FLIGHT VALUES ('494', '00009', 'M923', 'MIA', 'MCO', '0800', '1845', 'SMTWTFS');
INSERT INTO FLIGHT VALUES ('495', '00009', 'E167', 'MIA', 'LAS', '0700', '1015', 'SMTWTFS');
INSERT INTO FLIGHT VALUES ('496', '00009', 'A941', 'MIA', 'JFK', '0230', '0315', 'SMTWTFS');
INSERT INTO FLIGHT VALUES ('497', '00009', 'L824', 'MIA', 'BWI', '2045', '2245', 'SMTWTFS');
INSERT INTO FLIGHT VALUES ('498', '00009', 'M878', 'BWI', 'PIT', '0215', '0715', 'SMTWTFS');
INSERT INTO FLIGHT VALUES ('499', '00009', 'L824', 'BWI', 'IND', '1215', '2300', 'SMTWTFS');
INSERT INTO FLIGHT VALUES ('500', '00009', 'A941', 'BWI', 'SAN', '0430', '1230', 'SMTWTFS');
INSERT INTO FLIGHT VALUES ('501', '00009', 'A536', 'BWI', 'MCO', '0515', '1515', 'SMTWTFS');
INSERT INTO FLIGHT VALUES ('502', '00009', 'M878', 'BWI', 'LAS', '2215', '2315', 'SMTWTFS');
INSERT INTO FLIGHT VALUES ('503', '00009', 'E167', 'BWI', 'JFK', '0800', '1115', 'SMTWTFS');
INSERT INTO FLIGHT VALUES ('504', '00009', 'E167', 'BWI', 'MIA', '0430', '1630', 'SMTWTFS');
INSERT INTO FLIGHT VALUES ('505', '00010', 'E452', 'PIT', 'IND', '0745', '1800', 'SMTWTFS');
INSERT INTO FLIGHT VALUES ('506', '00010', 'M828', 'PIT', 'SAN', '2215', '1000', 'SMTWTFS');
INSERT INTO FLIGHT VALUES ('507', '00010', 'M828', 'PIT', 'MCO', '0615', '1730', 'SMTWTFS');
INSERT INTO FLIGHT VALUES ('508', '00010', 'A376', 'PIT', 'LAS', '1600', '2045', 'SMTWTFS');
INSERT INTO FLIGHT VALUES ('509', '00010', 'E452', 'PIT', 'JFK', '1545', '0100', 'SMTWTFS');
INSERT INTO FLIGHT VALUES ('510', '00010', 'E452', 'PIT', 'MIA', '0400', '0815', 'SMTWTFS');
INSERT INTO FLIGHT VALUES ('511', '00010', 'M828', 'PIT', 'BWI', '0945', '1100', 'SMTWTFS');
INSERT INTO FLIGHT VALUES ('512', '00010', 'E452', 'IND', 'PIT', '0730', '1045', 'SMTWTFS');
INSERT INTO FLIGHT VALUES ('513', '00010', 'M828', 'IND', 'SAN', '1645', '0345', 'SMTWTFS');
INSERT INTO FLIGHT VALUES ('514', '00010', 'A376', 'IND', 'MCO', '1745', '0200', 'SMTWTFS');
INSERT INTO FLIGHT VALUES ('515', '00010', 'A376', 'IND', 'LAS', '0030', '0800', 'SMTWTFS');
INSERT INTO FLIGHT VALUES ('516', '00010', 'E452', 'IND', 'JFK', '0115', '0245', 'SMTWTFS');
INSERT INTO FLIGHT VALUES ('517', '00010', 'E452', 'IND', 'MIA', '0015', '1030', 'SMTWTFS');
INSERT INTO FLIGHT VALUES ('518', '00010', 'E452', 'IND', 'BWI', '1745', '0245', 'SMTWTFS');
INSERT INTO FLIGHT VALUES ('519', '00010', 'M828', 'SAN', 'PIT', '0615', '1215', 'SMTWTFS');
INSERT INTO FLIGHT VALUES ('520', '00010', 'A376', 'SAN', 'IND', '0730', '0930', 'SMTWTFS');
INSERT INTO FLIGHT VALUES ('521', '00010', 'M828', 'SAN', 'MCO', '0230', '1445', 'SMTWTFS');
INSERT INTO FLIGHT VALUES ('522', '00010', 'M828', 'SAN', 'LAS', '1230', '1315', 'SMTWTFS');
INSERT INTO FLIGHT VALUES ('523', '00010', 'A376', 'SAN', 'JFK', '0415', '0900', 'SMTWTFS');
INSERT INTO FLIGHT VALUES ('524', '00010', 'E452', 'SAN', 'MIA', '2330', '0000', 'SMTWTFS');
INSERT INTO FLIGHT VALUES ('525', '00010', 'E452', 'SAN', 'BWI', '0200', '0915', 'SMTWTFS');
INSERT INTO FLIGHT VALUES ('526', '00010', 'M828', 'MCO', 'PIT', '0530', '0800', 'SMTWTFS');
INSERT INTO FLIGHT VALUES ('527', '00010', 'M828', 'MCO', 'IND', '2315', '0500', 'SMTWTFS');
INSERT INTO FLIGHT VALUES ('528', '00010', 'A376', 'MCO', 'SAN', '0845', '1545', 'SMTWTFS');
INSERT INTO FLIGHT VALUES ('529', '00010', 'E452', 'MCO', 'LAS', '0015', '0230', 'SMTWTFS');
INSERT INTO FLIGHT VALUES ('530', '00010', 'M828', 'MCO', 'JFK', '1515', '0030', 'SMTWTFS');
INSERT INTO FLIGHT VALUES ('531', '00010', 'M828', 'MCO', 'MIA', '0130', '0300', 'SMTWTFS');
INSERT INTO FLIGHT VALUES ('532', '00010', 'M828', 'MCO', 'BWI', '2315', '1000', 'SMTWTFS');
INSERT INTO FLIGHT VALUES ('533', '00010', 'E452', 'LAS', 'PIT', '1030', '2030', 'SMTWTFS');
INSERT INTO FLIGHT VALUES ('534', '00010', 'E452', 'LAS', 'IND', '0615', '1445', 'SMTWTFS');
INSERT INTO FLIGHT VALUES ('535', '00010', 'M828', 'LAS', 'SAN', '1045', '1930', 'SMTWTFS');
INSERT INTO FLIGHT VALUES ('536', '00010', 'E452', 'LAS', 'MCO', '1100', '1815', 'SMTWTFS');
INSERT INTO FLIGHT VALUES ('537', '00010', 'M828', 'LAS', 'JFK', '1700', '0030', 'SMTWTFS');
INSERT INTO FLIGHT VALUES ('538', '00010', 'E452', 'LAS', 'MIA', '1900', '0345', 'SMTWTFS');
INSERT INTO FLIGHT VALUES ('539', '00010', 'A376', 'LAS', 'BWI', '0230', '0730', 'SMTWTFS');
INSERT INTO FLIGHT VALUES ('540', '00010', 'M828', 'JFK', 'PIT', '1245', '0015', 'SMTWTFS');
INSERT INTO FLIGHT VALUES ('541', '00010', 'E452', 'JFK', 'IND', '1445', '2130', 'SMTWTFS');
INSERT INTO FLIGHT VALUES ('542', '00010', 'E452', 'JFK', 'SAN', '1515', '2200', 'SMTWTFS');
INSERT INTO FLIGHT VALUES ('543', '00010', 'M828', 'JFK', 'MCO', '1700', '0545', 'SMTWTFS');
INSERT INTO FLIGHT VALUES ('544', '00010', 'M828', 'JFK', 'LAS', '1715', '0130', 'SMTWTFS');
INSERT INTO FLIGHT VALUES ('545', '00010', 'M828', 'JFK', 'MIA', '1915', '0730', 'SMTWTFS');
INSERT INTO FLIGHT VALUES ('546', '00010', 'A376', 'JFK', 'BWI', '1745', '0130', 'SMTWTFS');
INSERT INTO FLIGHT VALUES ('547', '00010', 'M828', 'MIA', 'PIT', '0630', '1745', 'SMTWTFS');
INSERT INTO FLIGHT VALUES ('548', '00010', 'M828', 'MIA', 'IND', '1845', '2300', 'SMTWTFS');
INSERT INTO FLIGHT VALUES ('549', '00010', 'E452', 'MIA', 'SAN', '0200', '1015', 'SMTWTFS');
INSERT INTO FLIGHT VALUES ('550', '00010', 'M828', 'MIA', 'MCO', '1545', '1600', 'SMTWTFS');
INSERT INTO FLIGHT VALUES ('551', '00010', 'E452', 'MIA', 'LAS', '1030', '2000', 'SMTWTFS');
INSERT INTO FLIGHT VALUES ('552', '00010', 'A376', 'MIA', 'JFK', '1215', '1815', 'SMTWTFS');
INSERT INTO FLIGHT VALUES ('553', '00010', 'M828', 'MIA', 'BWI', '1845', '0145', 'SMTWTFS');
INSERT INTO FLIGHT VALUES ('554', '00010', 'M828', 'BWI', 'PIT', '1915', '2245', 'SMTWTFS');
INSERT INTO FLIGHT VALUES ('555', '00010', 'E452', 'BWI', 'IND', '2215', '0330', 'SMTWTFS');
INSERT INTO FLIGHT VALUES ('556', '00010', 'E452', 'BWI', 'SAN', '0230', '0615', 'SMTWTFS');
INSERT INTO FLIGHT VALUES ('557', '00010', 'A376', 'BWI', 'MCO', '1100', '2015', 'SMTWTFS');
INSERT INTO FLIGHT VALUES ('558', '00010', 'M828', 'BWI', 'LAS', '1230', '2115', 'SMTWTFS');
INSERT INTO FLIGHT VALUES ('559', '00010', 'E452', 'BWI', 'JFK', '1100', '2300', 'SMTWTFS');
INSERT INTO FLIGHT VALUES ('560', '00010', 'M828', 'BWI', 'MIA', '0200', '1345', 'SMTWTFS');

INSERT INTO PLANE VALUES ('E627', 'Embraer', '185', to_date('07/02/2010', 'MM/DD/YYYY'), 2001, '00007');
INSERT INTO PLANE VALUES ('M343', 'Bombardier', '190', to_date('05/02/2006', 'MM/DD/YYYY'), 1999, '00003');
INSERT INTO PLANE VALUES ('B405', 'Boeing', '55', to_date('10/04/2011', 'MM/DD/YYYY'), 2002, '00002');
INSERT INTO PLANE VALUES ('B750', 'Boeing', '105', to_date('02/19/2005', 'MM/DD/YYYY'), 2004, '00009');
INSERT INTO PLANE VALUES ('L824', 'Learjet', '145', to_date('06/26/2002', 'MM/DD/YYYY'), 1998, '00009');
INSERT INTO PLANE VALUES ('L674', 'Learjet', '160', to_date('05/15/2001', 'MM/DD/YYYY'), 1997, '00007');
INSERT INTO PLANE VALUES ('M923', 'Bombardier', '195', to_date('08/21/2011', 'MM/DD/YYYY'), 2009, '00009');
INSERT INTO PLANE VALUES ('E932', 'Embraer', '55', to_date('07/26/2004', 'MM/DD/YYYY'), 1999, '00007');
INSERT INTO PLANE VALUES ('M893', 'Bombardier', '190', to_date('12/04/2012', 'MM/DD/YYYY'), 2011, '00002');
INSERT INTO PLANE VALUES ('E752', 'Embraer', '225', to_date('07/04/2014', 'MM/DD/YYYY'), 2011, '00005');
INSERT INTO PLANE VALUES ('A941', 'Airbus', '190', to_date('05/26/2007', 'MM/DD/YYYY'), 1999, '00009');
INSERT INTO PLANE VALUES ('L044', 'Learjet', '200', to_date('09/02/2013', 'MM/DD/YYYY'), 2006, '00007');
INSERT INTO PLANE VALUES ('A946', 'Airbus', '175', to_date('04/01/2015', 'MM/DD/YYYY'), 2005, '00008');
INSERT INTO PLANE VALUES ('E907', 'Embraer', '235', to_date('01/22/2003', 'MM/DD/YYYY'), 2002, '00004');
INSERT INTO PLANE VALUES ('A916', 'Airbus', '230', to_date('07/28/2005', 'MM/DD/YYYY'), 2000, '00003');
INSERT INTO PLANE VALUES ('A041', 'Airbus', '180', to_date('07/12/2004', 'MM/DD/YYYY'), 1998, '00004');
INSERT INTO PLANE VALUES ('B585', 'Boeing', '180', to_date('02/07/2006', 'MM/DD/YYYY'), 1999, '00002');
INSERT INTO PLANE VALUES ('A226', 'Airbus', '130', to_date('08/14/2008', 'MM/DD/YYYY'), 2003, '00003');
INSERT INTO PLANE VALUES ('M113', 'Bombardier', '155', to_date('09/01/2013', 'MM/DD/YYYY'), 2006, '00005');
INSERT INTO PLANE VALUES ('A301', 'Airbus', '90', to_date('03/10/2005', 'MM/DD/YYYY'), 2000, '00009');
INSERT INTO PLANE VALUES ('E392', 'Embraer', '155', to_date('05/19/2003', 'MM/DD/YYYY'), 1996, '00002');
INSERT INTO PLANE VALUES ('A886', 'Airbus', '170', to_date('02/05/2011', 'MM/DD/YYYY'), 2001, '00003');
INSERT INTO PLANE VALUES ('M223', 'Bombardier', '230', to_date('05/25/2008', 'MM/DD/YYYY'), 1998, '00006');
INSERT INTO PLANE VALUES ('E452', 'Embraer', '190', to_date('10/13/2013', 'MM/DD/YYYY'), 2012, '00010');
INSERT INTO PLANE VALUES ('A351', 'Airbus', '235', to_date('05/28/2009', 'MM/DD/YYYY'), 2005, '00003');
INSERT INTO PLANE VALUES ('L104', 'Learjet', '235', to_date('06/08/2008', 'MM/DD/YYYY'), 2006, '00003');
INSERT INTO PLANE VALUES ('M078', 'Bombardier', '60', to_date('10/23/2013', 'MM/DD/YYYY'), 2012, '00005');
INSERT INTO PLANE VALUES ('E962', 'Embraer', '110', to_date('08/07/2005', 'MM/DD/YYYY'), 2004, '00006');
INSERT INTO PLANE VALUES ('L264', 'Learjet', '60', to_date('12/19/2010', 'MM/DD/YYYY'), 2000, '00007');
INSERT INTO PLANE VALUES ('A376', 'Airbus', '85', to_date('09/09/2000', 'MM/DD/YYYY'), 1990, '00010');
INSERT INTO PLANE VALUES ('B475', 'Boeing', '125', to_date('01/15/2014', 'MM/DD/YYYY'), 2007, '00007');
INSERT INTO PLANE VALUES ('L119', 'Learjet', '235', to_date('06/06/2011', 'MM/DD/YYYY'), 2010, '00005');
INSERT INTO PLANE VALUES ('L089', 'Learjet', '85', to_date('02/23/2005', 'MM/DD/YYYY'), 1997, '00004');
INSERT INTO PLANE VALUES ('B150', 'Boeing', '195', to_date('09/09/2014', 'MM/DD/YYYY'), 2013, '00008');
INSERT INTO PLANE VALUES ('M783', 'Bombardier', '75', to_date('10/19/2009', 'MM/DD/YYYY'), 2004, '00007');
INSERT INTO PLANE VALUES ('M878', 'Bombardier', '175', to_date('02/21/2001', 'MM/DD/YYYY'), 2000, '00009');
INSERT INTO PLANE VALUES ('A416', 'Airbus', '140', to_date('07/29/2008', 'MM/DD/YYYY'), 1998, '00006');
INSERT INTO PLANE VALUES ('M303', 'Bombardier', '80', to_date('01/11/2001', 'MM/DD/YYYY'), 1997, '00007');
INSERT INTO PLANE VALUES ('A106', 'Airbus', '110', to_date('04/11/2010', 'MM/DD/YYYY'), 2009, '00003');
INSERT INTO PLANE VALUES ('A536', 'Airbus', '85', to_date('02/05/2001', 'MM/DD/YYYY'), 1992, '00009');
INSERT INTO PLANE VALUES ('E167', 'Embraer', '115', to_date('05/30/2001', 'MM/DD/YYYY'), 1992, '00009');
INSERT INTO PLANE VALUES ('A096', 'Airbus', '115', to_date('04/12/2012', 'MM/DD/YYYY'), 2003, '00001');
INSERT INTO PLANE VALUES ('A001', 'Airbus', '145', to_date('08/16/2000', 'MM/DD/YYYY'), 1993, '00001');
INSERT INTO PLANE VALUES ('M828', 'Bombardier', '165', to_date('03/02/2000', 'MM/DD/YYYY'), 1994, '00010');
INSERT INTO PLANE VALUES ('B190', 'Boeing', '70', to_date('12/09/2008', 'MM/DD/YYYY'), 2005, '00002');
INSERT INTO PLANE VALUES ('A626', 'Airbus', '105', to_date('09/19/2004', 'MM/DD/YYYY'), 1994, '00001');
INSERT INTO PLANE VALUES ('E737', 'Embraer', '210', to_date('06/23/2000', 'MM/DD/YYYY'), 1999, '00007');
INSERT INTO PLANE VALUES ('B570', 'Boeing', '60', to_date('07/09/2015', 'MM/DD/YYYY'), 2005, '00006');
INSERT INTO PLANE VALUES ('B085', 'Boeing', '130', to_date('03/05/2001', 'MM/DD/YYYY'), 1991, '00002');
INSERT INTO PLANE VALUES ('L534', 'Learjet', '70', to_date('11/21/2009', 'MM/DD/YYYY'), 2007, '00007');
INSERT INTO PLANE VALUES ('L549', 'Learjet', '225', to_date('08/10/2008', 'MM/DD/YYYY'), 2003, '00001');
INSERT INTO PLANE VALUES ('M483', 'Bombardier', '60', to_date('04/01/2008', 'MM/DD/YYYY'), 2006, '00006');
INSERT INTO PLANE VALUES ('L624', 'Learjet', '70', to_date('08/05/2004', 'MM/DD/YYYY'), 1998, '00002');
INSERT INTO PLANE VALUES ('M138', 'Bombardier', '90', to_date('01/03/2004', 'MM/DD/YYYY'), 1998, '00005');
INSERT INTO PLANE VALUES ('A231', 'Airbus', '155', to_date('02/26/2014', 'MM/DD/YYYY'), 2008, '00002');
INSERT INTO PLANE VALUES ('B210', 'Boeing', '60', to_date('08/07/2002', 'MM/DD/YYYY'), 1992, '00004');
INSERT INTO PLANE VALUES ('B920', 'Boeing', '110', to_date('04/10/2001', 'MM/DD/YYYY'), 1996, '00002');
INSERT INTO PLANE VALUES ('A711', 'Airbus', '175', to_date('11/30/2005', 'MM/DD/YYYY'), 1998, '00004');
INSERT INTO PLANE VALUES ('L904', 'Learjet', '120', to_date('08/06/2004', 'MM/DD/YYYY'), 1998, '00003');
INSERT INTO PLANE VALUES ('B670', 'Boeing', '60', to_date('01/15/2000', 'MM/DD/YYYY'), 1994, '00001');


INSERT INTO RESERVATION VALUES ('00001', 00000029, 'JFK', 'IND', '255', '4383542185303108', to_date('12-05-2016', 'MM-DD-YYYY'), 'Y');
INSERT INTO RESERVATION VALUES ('00002', 00000017, 'JFK', 'SAN', '123', '3560524928080282', to_date('12-05-2016', 'MM-DD-YYYY'), 'Y');
INSERT INTO RESERVATION VALUES ('00003', 00000179, 'BWI', 'MCO', '197', '2708007798753807', to_date('12-07-2016', 'MM-DD-YYYY'), 'N');
INSERT INTO RESERVATION VALUES ('00004', 00000094, 'MCO', 'SAN', '69', '1177012030288738', to_date('12-05-2016', 'MM-DD-YYYY'), 'Y');
INSERT INTO RESERVATION VALUES ('00005', 00000193, 'PIT', 'LAS', '144', '4813043303607055', to_date('12-04-2016', 'MM-DD-YYYY'), 'Y');
INSERT INTO RESERVATION VALUES ('00006', 00000057, 'SAN', 'MIA', '141', '4193340235530966', to_date('12-04-2016', 'MM-DD-YYYY'), 'Y');
INSERT INTO RESERVATION VALUES ('00007', 00000177, 'PIT', 'MIA', '76', '9738756980067309', to_date('12-05-2016', 'MM-DD-YYYY'), 'N');
INSERT INTO RESERVATION VALUES ('00008', 00000057, 'MCO', 'MIA', '280', '4193340235530966', to_date('12-09-2016', 'MM-DD-YYYY'), 'N');
INSERT INTO RESERVATION VALUES ('00009', 00000130, 'MCO', 'MCO', '200', '4281950628029260', to_date('12-05-2016', 'MM-DD-YYYY'), 'Y');
INSERT INTO RESERVATION VALUES ('00010', 00000180, 'MCO', 'MIA', '280', '6818620576241668', to_date('12-09-2016', 'MM-DD-YYYY'), 'Y');
INSERT INTO RESERVATION VALUES ('00011', 00000023, 'SAN', 'MCO', '131', '5391210108781530', to_date('12-04-2016', 'MM-DD-YYYY'), 'N');
INSERT INTO RESERVATION VALUES ('00012', 00000166, 'SAN', 'SAN', '281', '5452516352539251', to_date('12-04-2016', 'MM-DD-YYYY'), 'N');
INSERT INTO RESERVATION VALUES ('00013', 00000063, 'LAS', 'JFK', '105', '4121003540694993', to_date('12-05-2016', 'MM-DD-YYYY'), 'Y');
INSERT INTO RESERVATION VALUES ('00014', 00000188, 'MCO', 'MCO', '206', '7892020752816998', to_date('12-05-2016', 'MM-DD-YYYY'), 'Y');
INSERT INTO RESERVATION VALUES ('00015', 00000008, 'JFK', 'IND', '54', '4943362430751571', to_date('12-04-2016', 'MM-DD-YYYY'), 'N');
INSERT INTO RESERVATION VALUES ('00016', 00000053, 'PIT', 'LAS', '199', '4450691044013484', to_date('12-07-2016', 'MM-DD-YYYY'), 'N');
INSERT INTO RESERVATION VALUES ('00017', 00000061, 'SAN', 'SAN', '168', '0756828285608893', to_date('12-04-2016', 'MM-DD-YYYY'), 'N');
INSERT INTO RESERVATION VALUES ('00018', 00000028, 'PIT', 'LAS', '144', '5927836880514526', to_date('12-04-2016', 'MM-DD-YYYY'), 'Y');
INSERT INTO RESERVATION VALUES ('00019', 00000101, 'LAS', 'MCO', '89', '6121206154980042', to_date('12-04-2016', 'MM-DD-YYYY'), 'N');
INSERT INTO RESERVATION VALUES ('00020', 00000141, 'SAN', 'BWI', '126', '3052469868814238', to_date('12-05-2016', 'MM-DD-YYYY'), 'Y');
INSERT INTO RESERVATION VALUES ('00021', 00000086, 'MCO', 'BWI', '134', '4880295712521367', to_date('12-04-2016', 'MM-DD-YYYY'), 'Y');
INSERT INTO RESERVATION VALUES ('00022', 00000090, 'LAS', 'SAN', '132', '1714335965236581', to_date('12-04-2016', 'MM-DD-YYYY'), 'N');
INSERT INTO RESERVATION VALUES ('00023', 00000134, 'SAN', 'JFK', '260', '8917246413363467', to_date('12-08-2016', 'MM-DD-YYYY'), 'Y');
INSERT INTO RESERVATION VALUES ('00024', 00000080, 'MCO', 'MIA', '103', '9779571532905926', to_date('12-05-2016', 'MM-DD-YYYY'), 'Y');
INSERT INTO RESERVATION VALUES ('00025', 00000063, 'IND', 'PIT', '68', '4121003540694993', to_date('12-04-2016', 'MM-DD-YYYY'), 'Y');
INSERT INTO RESERVATION VALUES ('00026', 00000077, 'JFK', 'JFK', '252', '0449242790266160', to_date('12-05-2016', 'MM-DD-YYYY'), 'Y');
INSERT INTO RESERVATION VALUES ('00027', 00000188, 'LAS', 'PIT', '71', '7892020752816998', to_date('12-04-2016', 'MM-DD-YYYY'), 'Y');
INSERT INTO RESERVATION VALUES ('00028', 00000095, 'PIT', 'PIT', '206', '1982300969889918', to_date('12-04-2016', 'MM-DD-YYYY'), 'Y');
INSERT INTO RESERVATION VALUES ('00029', 00000167, 'PIT', 'PIT', '207', '0292568796348797', to_date('12-05-2016', 'MM-DD-YYYY'), 'Y');
INSERT INTO RESERVATION VALUES ('00030', 00000037, 'LAS', 'MIA', '58', '2411271708992785', to_date('12-04-2016', 'MM-DD-YYYY'), 'N');
INSERT INTO RESERVATION VALUES ('00031', 00000190, 'LAS', 'MIA', '96', '9390059756281167', to_date('12-04-2016', 'MM-DD-YYYY'), 'N');
INSERT INTO RESERVATION VALUES ('00032', 00000184, 'JFK', 'SAN', '60', '8286001352974279', to_date('12-06-2016', 'MM-DD-YYYY'), 'N');
INSERT INTO RESERVATION VALUES ('00033', 00000023, 'MIA', 'PIT', '150', '5391210108781530', to_date('12-05-2016', 'MM-DD-YYYY'), 'Y');
INSERT INTO RESERVATION VALUES ('00034', 00000049, 'BWI', 'LAS', '166', '7669122897463160', to_date('12-08-2016', 'MM-DD-YYYY'), 'N');
INSERT INTO RESERVATION VALUES ('00035', 00000142, 'JFK', 'PIT', '85', '4240593350375740', to_date('12-05-2016', 'MM-DD-YYYY'), 'N');
INSERT INTO RESERVATION VALUES ('00036', 00000075, 'BWI', 'IND', '186', '4834701260644920', to_date('12-05-2016', 'MM-DD-YYYY'), 'N');
INSERT INTO RESERVATION VALUES ('00037', 00000147, 'BWI', 'LAS', '50', '6271294836872222', to_date('12-04-2016', 'MM-DD-YYYY'), 'Y');
INSERT INTO RESERVATION VALUES ('00038', 00000172, 'BWI', 'MCO', '63', '4248906765868600', to_date('12-04-2016', 'MM-DD-YYYY'), 'Y');
INSERT INTO RESERVATION VALUES ('00039', 00000174, 'LAS', 'MCO', '54', '0179904222339611', to_date('12-04-2016', 'MM-DD-YYYY'), 'N');
INSERT INTO RESERVATION VALUES ('00040', 00000036, 'JFK', 'SAN', '60', '4208292355946989', to_date('12-04-2016', 'MM-DD-YYYY'), 'Y');
INSERT INTO RESERVATION VALUES ('00041', 00000043, 'SAN', 'MCO', '111', '2516043002884756', to_date('12-04-2016', 'MM-DD-YYYY'), 'N');
INSERT INTO RESERVATION VALUES ('00042', 00000017, 'JFK', 'IND', '179', '3560524928080282', to_date('12-05-2016', 'MM-DD-YYYY'), 'N');
INSERT INTO RESERVATION VALUES ('00043', 00000125, 'MCO', 'BWI', '89', '5374562573012225', to_date('12-04-2016', 'MM-DD-YYYY'), 'N');
INSERT INTO RESERVATION VALUES ('00044', 00000195, 'SAN', 'PIT', '82', '7067164266168796', to_date('12-05-2016', 'MM-DD-YYYY'), 'Y');
INSERT INTO RESERVATION VALUES ('00045', 00000070, 'MIA', 'MCO', '71', '6065888740813871', to_date('12-04-2016', 'MM-DD-YYYY'), 'N');
INSERT INTO RESERVATION VALUES ('00046', 00000150, 'LAS', 'IND', '268', '3350136986606685', to_date('12-05-2016', 'MM-DD-YYYY'), 'N');
INSERT INTO RESERVATION VALUES ('00047', 00000080, 'LAS', 'JFK', '125', '9779571532905926', to_date('12-08-2016', 'MM-DD-YYYY'), 'N');
INSERT INTO RESERVATION VALUES ('00048', 00000192, 'LAS', 'MIA', '96', '5524149647599089', to_date('12-04-2016', 'MM-DD-YYYY'), 'N');
INSERT INTO RESERVATION VALUES ('00049', 00000012, 'IND', 'JFK', '139', '6244874859535227', to_date('12-04-2016', 'MM-DD-YYYY'), 'Y');
INSERT INTO RESERVATION VALUES ('00050', 00000093, 'PIT', 'SAN', '133', '2225249004695941', to_date('12-04-2016', 'MM-DD-YYYY'), 'Y');
INSERT INTO RESERVATION VALUES ('00051', 00000071, 'LAS', 'IND', '142', '0905497103643776', to_date('12-04-2016', 'MM-DD-YYYY'), 'N');
INSERT INTO RESERVATION VALUES ('00052', 00000001, 'MCO', 'MIA', '249', '9360258680348894', to_date('12-09-2016', 'MM-DD-YYYY'), 'N');
INSERT INTO RESERVATION VALUES ('00053', 00000013, 'PIT', 'SAN', '170', '4647569261719714', to_date('12-05-2016', 'MM-DD-YYYY'), 'N');
INSERT INTO RESERVATION VALUES ('00054', 00000028, 'SAN', 'PIT', '82', '5927836880514526', to_date('12-05-2016', 'MM-DD-YYYY'), 'N');
INSERT INTO RESERVATION VALUES ('00055', 00000093, 'MIA', 'JFK', '127', '2225249004695941', to_date('12-04-2016', 'MM-DD-YYYY'), 'Y');
INSERT INTO RESERVATION VALUES ('00056', 00000102, 'JFK', 'SAN', '60', '7359651534416420', to_date('12-06-2016', 'MM-DD-YYYY'), 'Y');
INSERT INTO RESERVATION VALUES ('00057', 00000188, 'SAN', 'PIT', '82', '7892020752816998', to_date('12-05-2016', 'MM-DD-YYYY'), 'Y');
INSERT INTO RESERVATION VALUES ('00058', 00000030, 'IND', 'LAS', '81', '6728951984732051', to_date('12-04-2016', 'MM-DD-YYYY'), 'N');
INSERT INTO RESERVATION VALUES ('00059', 00000051, 'JFK', 'IND', '76', '3837004697583038', to_date('12-05-2016', 'MM-DD-YYYY'), 'N');
INSERT INTO RESERVATION VALUES ('00060', 00000195, 'LAS', 'MCO', '54', '7067164266168796', to_date('12-04-2016', 'MM-DD-YYYY'), 'Y');
INSERT INTO RESERVATION VALUES ('00061', 00000066, 'MCO', 'SAN', '125', '3788930945776562', to_date('12-05-2016', 'MM-DD-YYYY'), 'N');
INSERT INTO RESERVATION VALUES ('00062', 00000027, 'LAS', 'SAN', '60', '1003418828236225', to_date('12-05-2016', 'MM-DD-YYYY'), 'Y');
INSERT INTO RESERVATION VALUES ('00063', 00000090, 'JFK', 'BWI', '64', '1714335965236581', to_date('12-04-2016', 'MM-DD-YYYY'), 'Y');
INSERT INTO RESERVATION VALUES ('00064', 00000188, 'IND', 'LAS', '132', '7892020752816998', to_date('12-05-2016', 'MM-DD-YYYY'), 'N');
INSERT INTO RESERVATION VALUES ('00065', 00000048, 'PIT', 'JFK', '50', '3280379157029814', to_date('12-04-2016', 'MM-DD-YYYY'), 'N');
INSERT INTO RESERVATION VALUES ('00066', 00000098, 'IND', 'LAS', '132', '1169482971479836', to_date('12-04-2016', 'MM-DD-YYYY'), 'N');
INSERT INTO RESERVATION VALUES ('00067', 00000186, 'MIA', 'SAN', '100', '8011239854146715', to_date('12-05-2016', 'MM-DD-YYYY'), 'N');
INSERT INTO RESERVATION VALUES ('00068', 00000040, 'PIT', 'JFK', '154', '2113246730606281', to_date('12-08-2016', 'MM-DD-YYYY'), 'N');
INSERT INTO RESERVATION VALUES ('00069', 00000100, 'BWI', 'JFK', '59', '2843490747513246', to_date('12-04-2016', 'MM-DD-YYYY'), 'Y');
INSERT INTO RESERVATION VALUES ('00070', 00000039, 'JFK', 'SAN', '77', '9214709448693695', to_date('12-05-2016', 'MM-DD-YYYY'), 'N');
INSERT INTO RESERVATION VALUES ('00071', 00000124, 'JFK', 'MIA', '55', '8509269598641943', to_date('12-05-2016', 'MM-DD-YYYY'), 'N');
INSERT INTO RESERVATION VALUES ('00072', 00000156, 'IND', 'IND', '176', '3210872866804764', to_date('12-04-2016', 'MM-DD-YYYY'), 'Y');
INSERT INTO RESERVATION VALUES ('00073', 00000111, 'MCO', 'LAS', '143', '5805223784436155', to_date('12-05-2016', 'MM-DD-YYYY'), 'N');
INSERT INTO RESERVATION VALUES ('00074', 00000016, 'LAS', 'LAS', '208', '5055544264617747', to_date('12-04-2016', 'MM-DD-YYYY'), 'N');
INSERT INTO RESERVATION VALUES ('00075', 00000097, 'IND', 'IND', '170', '0372149067938694', to_date('12-05-2016', 'MM-DD-YYYY'), 'N');
INSERT INTO RESERVATION VALUES ('00076', 00000121, 'BWI', 'JFK', '59', '2580548172453770', to_date('12-04-2016', 'MM-DD-YYYY'), 'Y');
INSERT INTO RESERVATION VALUES ('00077', 00000098, 'MCO', 'JFK', '101', '1169482971479836', to_date('12-04-2016', 'MM-DD-YYYY'), 'Y');
INSERT INTO RESERVATION VALUES ('00078', 00000057, 'IND', 'PIT', '270', '4193340235530966', to_date('12-04-2016', 'MM-DD-YYYY'), 'Y');
INSERT INTO RESERVATION VALUES ('00079', 00000029, 'IND', 'LAS', '132', '4383542185303108', to_date('12-04-2016', 'MM-DD-YYYY'), 'Y');
INSERT INTO RESERVATION VALUES ('00080', 00000103, 'JFK', 'MCO', '81', '7439518520681854', to_date('12-04-2016', 'MM-DD-YYYY'), 'Y');
INSERT INTO RESERVATION VALUES ('00081', 00000010, 'MCO', 'JFK', '101', '2525521289930003', to_date('12-05-2016', 'MM-DD-YYYY'), 'Y');
INSERT INTO RESERVATION VALUES ('00082', 00000191, 'IND', 'BWI', '65', '0491753976925450', to_date('12-05-2016', 'MM-DD-YYYY'), 'Y');
INSERT INTO RESERVATION VALUES ('00083', 00000084, 'MIA', 'SAN', '100', '5385350103717409', to_date('12-05-2016', 'MM-DD-YYYY'), 'N');
INSERT INTO RESERVATION VALUES ('00084', 00000104, 'MIA', 'MCO', '54', '5904129987126047', to_date('12-04-2016', 'MM-DD-YYYY'), 'N');
INSERT INTO RESERVATION VALUES ('00085', 00000143, 'JFK', 'JFK', '208', '1498491296001909', to_date('12-04-2016', 'MM-DD-YYYY'), 'N');
INSERT INTO RESERVATION VALUES ('00086', 00000082, 'LAS', 'IND', '118', '8376834732229631', to_date('12-05-2016', 'MM-DD-YYYY'), 'Y');
INSERT INTO RESERVATION VALUES ('00087', 00000079, 'JFK', 'IND', '59', '8461332850133894', to_date('12-05-2016', 'MM-DD-YYYY'), 'Y');
INSERT INTO RESERVATION VALUES ('00088', 00000001, 'MCO', 'LAS', '143', '9360258680348894', to_date('12-05-2016', 'MM-DD-YYYY'), 'N');
INSERT INTO RESERVATION VALUES ('00089', 00000196, 'SAN', 'PIT', '110', '2788101944066818', to_date('12-05-2016', 'MM-DD-YYYY'), 'N');
INSERT INTO RESERVATION VALUES ('00090', 00000195, 'MCO', 'IND', '86', '7067164266168796', to_date('12-04-2016', 'MM-DD-YYYY'), 'N');
INSERT INTO RESERVATION VALUES ('00091', 00000050, 'IND', 'SAN', '83', '4359203093110986', to_date('12-04-2016', 'MM-DD-YYYY'), 'N');
INSERT INTO RESERVATION VALUES ('00092', 00000091, 'IND', 'JFK', '116', '5602056506685576', to_date('12-04-2016', 'MM-DD-YYYY'), 'Y');
INSERT INTO RESERVATION VALUES ('00093', 00000004, 'BWI', 'LAS', '130', '1136626830602794', to_date('12-05-2016', 'MM-DD-YYYY'), 'Y');
INSERT INTO RESERVATION VALUES ('00094', 00000005, 'JFK', 'PIT', '68', '3732084158300203', to_date('12-05-2016', 'MM-DD-YYYY'), 'Y');
INSERT INTO RESERVATION VALUES ('00095', 00000077, 'SAN', 'JFK', '146', '0449242790266160', to_date('12-05-2016', 'MM-DD-YYYY'), 'N');
INSERT INTO RESERVATION VALUES ('00096', 00000040, 'LAS', 'PIT', '298', '2113246730606281', to_date('12-04-2016', 'MM-DD-YYYY'), 'Y');
INSERT INTO RESERVATION VALUES ('00097', 00000074, 'MCO', 'IND', '90', '5786443573451588', to_date('12-05-2016', 'MM-DD-YYYY'), 'Y');
INSERT INTO RESERVATION VALUES ('00098', 00000080, 'LAS', 'BWI', '74', '9779571532905926', to_date('12-05-2016', 'MM-DD-YYYY'), 'Y');
INSERT INTO RESERVATION VALUES ('00099', 00000093, 'SAN', 'MIA', '228', '2225249004695941', to_date('12-09-2016', 'MM-DD-YYYY'), 'Y');
INSERT INTO RESERVATION VALUES ('00100', 00000073, 'IND', 'SAN', '83', '5694514305300155', to_date('12-05-2016', 'MM-DD-YYYY'), 'N');
INSERT INTO RESERVATION VALUES ('00101', 00000170, 'MCO', 'JFK', '128', '9479104495180164', to_date('12-05-2016', 'MM-DD-YYYY'), 'N');
INSERT INTO RESERVATION VALUES ('00102', 00000064, 'BWI', 'MCO', '73', '0247961512065518', to_date('12-04-2016', 'MM-DD-YYYY'), 'Y');
INSERT INTO RESERVATION VALUES ('00103', 00000118, 'PIT', 'BWI', '122', '0551987934004677', to_date('12-04-2016', 'MM-DD-YYYY'), 'Y');
INSERT INTO RESERVATION VALUES ('00104', 00000012, 'PIT', 'PIT', '194', '6244874859535227', to_date('12-04-2016', 'MM-DD-YYYY'), 'N');
INSERT INTO RESERVATION VALUES ('00105', 00000186, 'BWI', 'PIT', '72', '8011239854146715', to_date('12-04-2016', 'MM-DD-YYYY'), 'Y');
INSERT INTO RESERVATION VALUES ('00106', 00000060, 'BWI', 'PIT', '72', '1077090688083755', to_date('12-04-2016', 'MM-DD-YYYY'), 'Y');
INSERT INTO RESERVATION VALUES ('00107', 00000112, 'LAS', 'MIA', '67', '6956151222955729', to_date('12-04-2016', 'MM-DD-YYYY'), 'Y');
INSERT INTO RESERVATION VALUES ('00108', 00000155, 'IND', 'SAN', '83', '5155220775039051', to_date('12-05-2016', 'MM-DD-YYYY'), 'N');
INSERT INTO RESERVATION VALUES ('00109', 00000063, 'JFK', 'BWI', '69', '4121003540694993', to_date('12-05-2016', 'MM-DD-YYYY'), 'Y');
INSERT INTO RESERVATION VALUES ('00110', 00000098, 'BWI', 'MCO', '73', '1169482971479836', to_date('12-05-2016', 'MM-DD-YYYY'), 'Y');
INSERT INTO RESERVATION VALUES ('00111', 00000156, 'MCO', 'JFK', '164', '3210872866804764', to_date('12-08-2016', 'MM-DD-YYYY'), 'Y');
INSERT INTO RESERVATION VALUES ('00112', 00000112, 'MIA', 'MIA', '124', '6956151222955729', to_date('12-04-2016', 'MM-DD-YYYY'), 'N');
INSERT INTO RESERVATION VALUES ('00113', 00000141, 'SAN', 'MCO', '208', '3052469868814238', to_date('12-06-2016', 'MM-DD-YYYY'), 'N');
INSERT INTO RESERVATION VALUES ('00114', 00000057, 'PIT', 'IND', '135', '4193340235530966', to_date('12-04-2016', 'MM-DD-YYYY'), 'Y');
INSERT INTO RESERVATION VALUES ('00115', 00000025, 'PIT', 'SAN', '141', '0749503977376525', to_date('12-04-2016', 'MM-DD-YYYY'), 'N');
INSERT INTO RESERVATION VALUES ('00116', 00000052, 'JFK', 'LAS', '130', '7348047410870260', to_date('12-04-2016', 'MM-DD-YYYY'), 'Y');
INSERT INTO RESERVATION VALUES ('00117', 00000198, 'MCO', 'PIT', '52', '9492907531779958', to_date('12-04-2016', 'MM-DD-YYYY'), 'Y');
INSERT INTO RESERVATION VALUES ('00118', 00000174, 'MIA', 'BWI', '165', '0179904222339611', to_date('12-10-2016', 'MM-DD-YYYY'), 'Y');
INSERT INTO RESERVATION VALUES ('00119', 00000158, 'JFK', 'LAS', '130', '4634441753594443', to_date('12-04-2016', 'MM-DD-YYYY'), 'N');
INSERT INTO RESERVATION VALUES ('00120', 00000023, 'MIA', 'MCO', '61', '5391210108781530', to_date('12-04-2016', 'MM-DD-YYYY'), 'N');
INSERT INTO RESERVATION VALUES ('00121', 00000126, 'MIA', 'MCO', '280', '8163681394071262', to_date('12-07-2016', 'MM-DD-YYYY'), 'Y');
INSERT INTO RESERVATION VALUES ('00122', 00000136, 'LAS', 'MIA', '79', '0184823245926838', to_date('12-09-2016', 'MM-DD-YYYY'), 'Y');
INSERT INTO RESERVATION VALUES ('00123', 00000126, 'LAS', 'IND', '270', '8163681394071262', to_date('12-05-2016', 'MM-DD-YYYY'), 'Y');
INSERT INTO RESERVATION VALUES ('00124', 00000185, 'JFK', 'MCO', '58', '4782346749953884', to_date('12-04-2016', 'MM-DD-YYYY'), 'N');
INSERT INTO RESERVATION VALUES ('00125', 00000161, 'JFK', 'SAN', '102', '1612778003984998', to_date('12-04-2016', 'MM-DD-YYYY'), 'Y');
INSERT INTO RESERVATION VALUES ('00126', 00000183, 'MCO', 'PIT', '143', '7533544652408353', to_date('12-05-2016', 'MM-DD-YYYY'), 'N');
INSERT INTO RESERVATION VALUES ('00127', 00000004, 'SAN', 'MCO', '144', '1136626830602794', to_date('12-04-2016', 'MM-DD-YYYY'), 'N');
INSERT INTO RESERVATION VALUES ('00128', 00000079, 'MIA', 'SAN', '258', '8461332850133894', to_date('12-06-2016', 'MM-DD-YYYY'), 'Y');
INSERT INTO RESERVATION VALUES ('00129', 00000018, 'PIT', 'SAN', '53', '4520978650557166', to_date('12-05-2016', 'MM-DD-YYYY'), 'Y');
INSERT INTO RESERVATION VALUES ('00130', 00000022, 'LAS', 'IND', '270', '0738512596143646', to_date('12-05-2016', 'MM-DD-YYYY'), 'N');
INSERT INTO RESERVATION VALUES ('00131', 00000057, 'SAN', 'BWI', '276', '4193340235530966', to_date('12-10-2016', 'MM-DD-YYYY'), 'Y');
INSERT INTO RESERVATION VALUES ('00132', 00000122, 'MIA', 'PIT', '130', '3710436710730376', to_date('12-05-2016', 'MM-DD-YYYY'), 'N');
INSERT INTO RESERVATION VALUES ('00133', 00000104, 'JFK', 'SAN', '102', '5904129987126047', to_date('12-04-2016', 'MM-DD-YYYY'), 'Y');
INSERT INTO RESERVATION VALUES ('00134', 00000177, 'MIA', 'IND', '50', '9738756980067309', to_date('12-05-2016', 'MM-DD-YYYY'), 'Y');
INSERT INTO RESERVATION VALUES ('00135', 00000089, 'JFK', 'BWI', '75', '8292067146734890', to_date('12-10-2016', 'MM-DD-YYYY'), 'N');
INSERT INTO RESERVATION VALUES ('00136', 00000105, 'MIA', 'PIT', '130', '0183666341201034', to_date('12-04-2016', 'MM-DD-YYYY'), 'Y');
INSERT INTO RESERVATION VALUES ('00137', 00000191, 'MCO', 'BWI', '117', '0491753976925450', to_date('12-04-2016', 'MM-DD-YYYY'), 'Y');
INSERT INTO RESERVATION VALUES ('00138', 00000098, 'JFK', 'MIA', '101', '1169482971479836', to_date('12-04-2016', 'MM-DD-YYYY'), 'Y');
INSERT INTO RESERVATION VALUES ('00139', 00000062, 'JFK', 'BWI', '75', '4648050801216284', to_date('12-05-2016', 'MM-DD-YYYY'), 'Y');
INSERT INTO RESERVATION VALUES ('00140', 00000014, 'MCO', 'SAN', '85', '1102536122335751', to_date('12-04-2016', 'MM-DD-YYYY'), 'Y');
INSERT INTO RESERVATION VALUES ('00141', 00000121, 'SAN', 'LAS', '89', '2580548172453770', to_date('12-04-2016', 'MM-DD-YYYY'), 'Y');
INSERT INTO RESERVATION VALUES ('00142', 00000062, 'SAN', 'MCO', '144', '4648050801216284', to_date('12-06-2016', 'MM-DD-YYYY'), 'N');
INSERT INTO RESERVATION VALUES ('00143', 00000159, 'MCO', 'LAS', '53', '0525385956777290', to_date('12-05-2016', 'MM-DD-YYYY'), 'Y');
INSERT INTO RESERVATION VALUES ('00144', 00000134, 'MCO', 'BWI', '297', '8917246413363467', to_date('12-10-2016', 'MM-DD-YYYY'), 'Y');
INSERT INTO RESERVATION VALUES ('00145', 00000151, 'IND', 'SAN', '55', '3039172344575252', to_date('12-04-2016', 'MM-DD-YYYY'), 'Y');
INSERT INTO RESERVATION VALUES ('00146', 00000100, 'SAN', 'IND', '101', '2843490747513246', to_date('12-05-2016', 'MM-DD-YYYY'), 'Y');
INSERT INTO RESERVATION VALUES ('00147', 00000066, 'SAN', 'BWI', '121', '3788930945776562', to_date('12-04-2016', 'MM-DD-YYYY'), 'Y');
INSERT INTO RESERVATION VALUES ('00148', 00000098, 'PIT', 'BWI', '61', '1169482971479836', to_date('12-04-2016', 'MM-DD-YYYY'), 'N');
INSERT INTO RESERVATION VALUES ('00149', 00000080, 'MCO', 'MIA', '88', '9779571532905926', to_date('12-05-2016', 'MM-DD-YYYY'), 'N');
INSERT INTO RESERVATION VALUES ('00150', 00000046, 'JFK', 'IND', '87', '1027787035676022', to_date('12-05-2016', 'MM-DD-YYYY'), 'N');
INSERT INTO RESERVATION VALUES ('00151', 00000017, 'LAS', 'LAS', '178', '3560524928080282', to_date('12-05-2016', 'MM-DD-YYYY'), 'N');
INSERT INTO RESERVATION VALUES ('00152', 00000083, 'SAN', 'BWI', '70', '8335135465081300', to_date('12-05-2016', 'MM-DD-YYYY'), 'N');
INSERT INTO RESERVATION VALUES ('00153', 00000036, 'MIA', 'PIT', '205', '4208292355946989', to_date('12-04-2016', 'MM-DD-YYYY'), 'N');
INSERT INTO RESERVATION VALUES ('00154', 00000040, 'JFK', 'LAS', '199', '2113246730606281', to_date('12-08-2016', 'MM-DD-YYYY'), 'N');
INSERT INTO RESERVATION VALUES ('00155', 00000099, 'JFK', 'SAN', '112', '0416439655881423', to_date('12-04-2016', 'MM-DD-YYYY'), 'Y');
INSERT INTO RESERVATION VALUES ('00156', 00000122, 'SAN', 'LAS', '60', '3710436710730376', to_date('12-04-2016', 'MM-DD-YYYY'), 'N');
INSERT INTO RESERVATION VALUES ('00157', 00000149, 'MIA', 'SAN', '207', '9609864865989255', to_date('12-06-2016', 'MM-DD-YYYY'), 'Y');
INSERT INTO RESERVATION VALUES ('00158', 00000093, 'PIT', 'BWI', '68', '2225249004695941', to_date('12-04-2016', 'MM-DD-YYYY'), 'Y');
INSERT INTO RESERVATION VALUES ('00159', 00000138, 'MIA', 'PIT', '205', '5581834520136807', to_date('12-04-2016', 'MM-DD-YYYY'), 'Y');
INSERT INTO RESERVATION VALUES ('00160', 00000117, 'MIA', 'MIA', '180', '2352786965665631', to_date('12-04-2016', 'MM-DD-YYYY'), 'N');
INSERT INTO RESERVATION VALUES ('00161', 00000195, 'BWI', 'MIA', '116', '7067164266168796', to_date('12-04-2016', 'MM-DD-YYYY'), 'Y');
INSERT INTO RESERVATION VALUES ('00162', 00000024, 'PIT', 'SAN', '148', '9022445041099630', to_date('12-04-2016', 'MM-DD-YYYY'), 'N');
INSERT INTO RESERVATION VALUES ('00163', 00000188, 'PIT', 'MIA', '288', '7892020752816998', to_date('12-09-2016', 'MM-DD-YYYY'), 'Y');
INSERT INTO RESERVATION VALUES ('00164', 00000110, 'JFK', 'JFK', '195', '4698410443535252', to_date('12-05-2016', 'MM-DD-YYYY'), 'N');
INSERT INTO RESERVATION VALUES ('00165', 00000187, 'MCO', 'IND', '70', '3508688528936214', to_date('12-05-2016', 'MM-DD-YYYY'), 'N');
INSERT INTO RESERVATION VALUES ('00166', 00000008, 'JFK', 'SAN', '112', '4943362430751571', to_date('12-04-2016', 'MM-DD-YYYY'), 'Y');
INSERT INTO RESERVATION VALUES ('00167', 00000192, 'JFK', 'PIT', '109', '5524149647599089', to_date('12-04-2016', 'MM-DD-YYYY'), 'Y');
INSERT INTO RESERVATION VALUES ('00168', 00000150, 'PIT', 'MIA', '288', '3350136986606685', to_date('12-09-2016', 'MM-DD-YYYY'), 'N');
INSERT INTO RESERVATION VALUES ('00169', 00000131, 'LAS', 'JFK', '192', '2704877523786751', to_date('12-08-2016', 'MM-DD-YYYY'), 'Y');
INSERT INTO RESERVATION VALUES ('00170', 00000061, 'MIA', 'JFK', '130', '0756828285608893', to_date('12-04-2016', 'MM-DD-YYYY'), 'N');
INSERT INTO RESERVATION VALUES ('00171', 00000135, 'PIT', 'LAS', '119', '7036825254288362', to_date('12-05-2016', 'MM-DD-YYYY'), 'N');
INSERT INTO RESERVATION VALUES ('00172', 00000110, 'BWI', 'MIA', '116', '4698410443535252', to_date('12-04-2016', 'MM-DD-YYYY'), 'N');
INSERT INTO RESERVATION VALUES ('00173', 00000060, 'MIA', 'MCO', '130', '1077090688083755', to_date('12-05-2016', 'MM-DD-YYYY'), 'N');
INSERT INTO RESERVATION VALUES ('00174', 00000023, 'SAN', 'BWI', '70', '5391210108781530', to_date('12-10-2016', 'MM-DD-YYYY'), 'N');
INSERT INTO RESERVATION VALUES ('00175', 00000117, 'IND', 'SAN', '126', '2352786965665631', to_date('12-05-2016', 'MM-DD-YYYY'), 'Y');
INSERT INTO RESERVATION VALUES ('00176', 00000118, 'MIA', 'MCO', '130', '0551987934004677', to_date('12-05-2016', 'MM-DD-YYYY'), 'N');
INSERT INTO RESERVATION VALUES ('00177', 00000052, 'JFK', 'LAS', '199', '7348047410870260', to_date('12-08-2016', 'MM-DD-YYYY'), 'N');
INSERT INTO RESERVATION VALUES ('00178', 00000039, 'LAS', 'SAN', '86', '9214709448693695', to_date('12-05-2016', 'MM-DD-YYYY'), 'Y');
INSERT INTO RESERVATION VALUES ('00179', 00000082, 'PIT', 'MCO', '125', '8376834732229631', to_date('12-05-2016', 'MM-DD-YYYY'), 'N');
INSERT INTO RESERVATION VALUES ('00180', 00000110, 'SAN', 'IND', '122', '4698410443535252', to_date('12-04-2016', 'MM-DD-YYYY'), 'N');
INSERT INTO RESERVATION VALUES ('00181', 00000176, 'PIT', 'IND', '164', '4710872733318304', to_date('12-04-2016', 'MM-DD-YYYY'), 'Y');
INSERT INTO RESERVATION VALUES ('00182', 00000053, 'LAS', 'IND', '68', '4450691044013484', to_date('12-04-2016', 'MM-DD-YYYY'), 'N');
INSERT INTO RESERVATION VALUES ('00183', 00000178, 'MCO', 'MCO', '146', '9753372675627960', to_date('12-04-2016', 'MM-DD-YYYY'), 'N');
INSERT INTO RESERVATION VALUES ('00184', 00000097, 'IND', 'PIT', '124', '0372149067938694', to_date('12-04-2016', 'MM-DD-YYYY'), 'N');
INSERT INTO RESERVATION VALUES ('00185', 00000195, 'BWI', 'LAS', '108', '7067164266168796', to_date('12-05-2016', 'MM-DD-YYYY'), 'Y');
INSERT INTO RESERVATION VALUES ('00186', 00000047, 'LAS', 'JFK', '293', '1188398094255692', to_date('12-08-2016', 'MM-DD-YYYY'), 'Y');
INSERT INTO RESERVATION VALUES ('00187', 00000157, 'LAS', 'PIT', '127', '7942621841758372', to_date('12-04-2016', 'MM-DD-YYYY'), 'Y');
INSERT INTO RESERVATION VALUES ('00188', 00000058, 'JFK', 'SAN', '74', '4179347842380536', to_date('12-05-2016', 'MM-DD-YYYY'), 'N');
INSERT INTO RESERVATION VALUES ('00189', 00000157, 'SAN', 'BWI', '210', '7942621841758372', to_date('12-10-2016', 'MM-DD-YYYY'), 'N');
INSERT INTO RESERVATION VALUES ('00190', 00000107, 'IND', 'SAN', '131', '1874744855007112', to_date('12-05-2016', 'MM-DD-YYYY'), 'Y');
INSERT INTO RESERVATION VALUES ('00191', 00000027, 'MCO', 'PIT', '80', '1003418828236225', to_date('12-05-2016', 'MM-DD-YYYY'), 'Y');
INSERT INTO RESERVATION VALUES ('00192', 00000087, 'LAS', 'IND', '68', '2916724295642140', to_date('12-05-2016', 'MM-DD-YYYY'), 'Y');
INSERT INTO RESERVATION VALUES ('00193', 00000194, 'JFK', 'LAS', '132', '1366650110095371', to_date('12-04-2016', 'MM-DD-YYYY'), 'Y');
INSERT INTO RESERVATION VALUES ('00194', 00000067, 'MIA', 'LAS', '172', '5294964114865718', to_date('12-08-2016', 'MM-DD-YYYY'), 'N');
INSERT INTO RESERVATION VALUES ('00195', 00000032, 'LAS', 'LAS', '248', '9068152277879094', to_date('12-04-2016', 'MM-DD-YYYY'), 'Y');
INSERT INTO RESERVATION VALUES ('00196', 00000146, 'JFK', 'MIA', '63', '6503919877136374', to_date('12-04-2016', 'MM-DD-YYYY'), 'Y');
INSERT INTO RESERVATION VALUES ('00197', 00000149, 'IND', 'JFK', '282', '9609864865989255', to_date('12-08-2016', 'MM-DD-YYYY'), 'N');
INSERT INTO RESERVATION VALUES ('00198', 00000160, 'LAS', 'PIT', '210', '2131131271048331', to_date('12-04-2016', 'MM-DD-YYYY'), 'Y');
INSERT INTO RESERVATION VALUES ('00199', 00000160, 'PIT', 'BWI', '110', '2131131271048331', to_date('12-05-2016', 'MM-DD-YYYY'), 'Y');
INSERT INTO RESERVATION VALUES ('00200', 00000183, 'MIA', 'LAS', '123', '7533544652408353', to_date('12-05-2016', 'MM-DD-YYYY'), 'N');
INSERT INTO RESERVATION VALUES ('00201', 00000177, 'PIT', 'LAS', '224', '9738756980067309', to_date('12-07-2016', 'MM-DD-YYYY'), 'N');
INSERT INTO RESERVATION VALUES ('00202', 00000130, 'BWI', 'PIT', '85', '4281950628029260', to_date('12-04-2016', 'MM-DD-YYYY'), 'N');
INSERT INTO RESERVATION VALUES ('00203', 00000103, 'MCO', 'PIT', '80', '7439518520681854', to_date('12-05-2016', 'MM-DD-YYYY'), 'N');
INSERT INTO RESERVATION VALUES ('00204', 00000167, 'SAN', 'MCO', '148', '0292568796348797', to_date('12-05-2016', 'MM-DD-YYYY'), 'N');
INSERT INTO RESERVATION VALUES ('00205', 00000197, 'MCO', 'SAN', '67', '0919318014051118', to_date('12-05-2016', 'MM-DD-YYYY'), 'Y');
INSERT INTO RESERVATION VALUES ('00206', 00000155, 'BWI', 'JFK', '95', '5155220775039051', to_date('12-04-2016', 'MM-DD-YYYY'), 'Y');
INSERT INTO RESERVATION VALUES ('00207', 00000183, 'MIA', 'SAN', '297', '7533544652408353', to_date('12-06-2016', 'MM-DD-YYYY'), 'Y');
INSERT INTO RESERVATION VALUES ('00208', 00000162, 'SAN', 'PIT', '259', '0954888141249163', to_date('12-04-2016', 'MM-DD-YYYY'), 'Y');
INSERT INTO RESERVATION VALUES ('00209', 00000058, 'SAN', 'PIT', '259', '4179347842380536', to_date('12-04-2016', 'MM-DD-YYYY'), 'Y');
INSERT INTO RESERVATION VALUES ('00210', 00000075, 'PIT', 'MIA', '60', '4834701260644920', to_date('12-04-2016', 'MM-DD-YYYY'), 'N');
INSERT INTO RESERVATION VALUES ('00211', 00000103, 'BWI', 'JFK', '163', '7439518520681854', to_date('12-09-2016', 'MM-DD-YYYY'), 'N');
INSERT INTO RESERVATION VALUES ('00212', 00000132, 'LAS', 'BWI', '251', '6909927466747499', to_date('12-10-2016', 'MM-DD-YYYY'), 'Y');
INSERT INTO RESERVATION VALUES ('00213', 00000114, 'PIT', 'MCO', '136', '1690725122083007', to_date('12-06-2016', 'MM-DD-YYYY'), 'Y');
INSERT INTO RESERVATION VALUES ('00214', 00000030, 'LAS', 'PIT', '64', '6728951984732051', to_date('12-05-2016', 'MM-DD-YYYY'), 'Y');
INSERT INTO RESERVATION VALUES ('00215', 00000045, 'PIT', 'BWI', '94', '4580124584481024', to_date('12-04-2016', 'MM-DD-YYYY'), 'Y');
INSERT INTO RESERVATION VALUES ('00216', 00000086, 'BWI', 'BWI', '161', '4880295712521367', to_date('12-04-2016', 'MM-DD-YYYY'), 'Y');
INSERT INTO RESERVATION VALUES ('00217', 00000046, 'IND', 'SAN', '286', '1027787035676022', to_date('12-05-2016', 'MM-DD-YYYY'), 'Y');
INSERT INTO RESERVATION VALUES ('00218', 00000162, 'LAS', 'BWI', '131', '0954888141249163', to_date('12-05-2016', 'MM-DD-YYYY'), 'N');
INSERT INTO RESERVATION VALUES ('00219', 00000160, 'BWI', 'IND', '131', '2131131271048331', to_date('12-04-2016', 'MM-DD-YYYY'), 'Y');
INSERT INTO RESERVATION VALUES ('00220', 00000165, 'SAN', 'PIT', '117', '6645363858946754', to_date('12-05-2016', 'MM-DD-YYYY'), 'Y');
INSERT INTO RESERVATION VALUES ('00221', 00000187, 'PIT', 'BWI', '94', '3508688528936214', to_date('12-04-2016', 'MM-DD-YYYY'), 'N');
INSERT INTO RESERVATION VALUES ('00222', 00000061, 'LAS', 'BWI', '131', '0756828285608893', to_date('12-05-2016', 'MM-DD-YYYY'), 'N');
INSERT INTO RESERVATION VALUES ('00223', 00000124, 'SAN', 'MCO', '128', '8509269598641943', to_date('12-04-2016', 'MM-DD-YYYY'), 'N');
INSERT INTO RESERVATION VALUES ('00224', 00000168, 'MIA', 'SAN', '88', '3411280600035256', to_date('12-04-2016', 'MM-DD-YYYY'), 'N');
INSERT INTO RESERVATION VALUES ('00225', 00000019, 'MIA', 'MCO', '50', '9080085512794812', to_date('12-07-2016', 'MM-DD-YYYY'), 'N');
INSERT INTO RESERVATION VALUES ('00226', 00000163, 'BWI', 'IND', '131', '0668870185120630', to_date('12-05-2016', 'MM-DD-YYYY'), 'N');
INSERT INTO RESERVATION VALUES ('00227', 00000194, 'SAN', 'PIT', '117', '1366650110095371', to_date('12-04-2016', 'MM-DD-YYYY'), 'N');
INSERT INTO RESERVATION VALUES ('00228', 00000162, 'SAN', 'MCO', '128', '0954888141249163', to_date('12-05-2016', 'MM-DD-YYYY'), 'N');
INSERT INTO RESERVATION VALUES ('00229', 00000052, 'MIA', 'MCO', '50', '7348047410870260', to_date('12-04-2016', 'MM-DD-YYYY'), 'N');
INSERT INTO RESERVATION VALUES ('00230', 00000132, 'PIT', 'MIA', '105', '6909927466747499', to_date('12-05-2016', 'MM-DD-YYYY'), 'N');
INSERT INTO RESERVATION VALUES ('00231', 00000091, 'LAS', 'JFK', '81', '5602056506685576', to_date('12-05-2016', 'MM-DD-YYYY'), 'Y');
INSERT INTO RESERVATION VALUES ('00232', 00000104, 'MIA', 'MCO', '50', '5904129987126047', to_date('12-07-2016', 'MM-DD-YYYY'), 'N');
INSERT INTO RESERVATION VALUES ('00233', 00000143, 'JFK', 'MIA', '125', '1498491296001909', to_date('12-05-2016', 'MM-DD-YYYY'), 'N');
INSERT INTO RESERVATION VALUES ('00234', 00000020, 'BWI', 'MCO', '106', '6013372931123140', to_date('12-05-2016', 'MM-DD-YYYY'), 'N');
INSERT INTO RESERVATION VALUES ('00235', 00000066, 'LAS', 'PIT', '64', '3788930945776562', to_date('12-05-2016', 'MM-DD-YYYY'), 'Y');
INSERT INTO RESERVATION VALUES ('00236', 00000157, 'MIA', 'SAN', '88', '7942621841758372', to_date('12-05-2016', 'MM-DD-YYYY'), 'Y');
INSERT INTO RESERVATION VALUES ('00237', 00000094, 'BWI', 'IND', '131', '1177012030288738', to_date('12-05-2016', 'MM-DD-YYYY'), 'Y');
INSERT INTO RESERVATION VALUES ('00238', 00000045, 'MCO', 'IND', '64', '4580124584481024', to_date('12-04-2016', 'MM-DD-YYYY'), 'Y');
INSERT INTO RESERVATION VALUES ('00239', 00000139, 'MIA', 'PIT', '93', '5256166330910995', to_date('12-04-2016', 'MM-DD-YYYY'), 'N');
INSERT INTO RESERVATION VALUES ('00240', 00000008, 'MIA', 'MCO', '50', '4943362430751571', to_date('12-04-2016', 'MM-DD-YYYY'), 'Y');
INSERT INTO RESERVATION VALUES ('00241', 00000147, 'SAN', 'BWI', '80', '6271294836872222', to_date('12-04-2016', 'MM-DD-YYYY'), 'N');
INSERT INTO RESERVATION VALUES ('00242', 00000159, 'BWI', 'BWI', '203', '0525385956777290', to_date('12-04-2016', 'MM-DD-YYYY'), 'Y');
INSERT INTO RESERVATION VALUES ('00243', 00000092, 'LAS', 'SAN', '78', '9501958742608446', to_date('12-05-2016', 'MM-DD-YYYY'), 'Y');
INSERT INTO RESERVATION VALUES ('00244', 00000199, 'JFK', 'SAN', '117', '5443558761246012', to_date('12-06-2016', 'MM-DD-YYYY'), 'Y');
INSERT INTO RESERVATION VALUES ('00245', 00000082, 'MIA', 'PIT', '179', '8376834732229631', to_date('12-04-2016', 'MM-DD-YYYY'), 'Y');
INSERT INTO RESERVATION VALUES ('00246', 00000135, 'MIA', 'IND', '67', '7036825254288362', to_date('12-04-2016', 'MM-DD-YYYY'), 'Y');
INSERT INTO RESERVATION VALUES ('00247', 00000054, 'PIT', 'BWI', '239', '7932857281159416', to_date('12-10-2016', 'MM-DD-YYYY'), 'Y');
INSERT INTO RESERVATION VALUES ('00248', 00000005, 'BWI', 'MCO', '141', '3732084158300203', to_date('12-05-2016', 'MM-DD-YYYY'), 'Y');
INSERT INTO RESERVATION VALUES ('00249', 00000162, 'LAS', 'IND', '132', '0954888141249163', to_date('12-05-2016', 'MM-DD-YYYY'), 'Y');
INSERT INTO RESERVATION VALUES ('00250', 00000125, 'IND', 'SAN', '288', '5374562573012225', to_date('12-05-2016', 'MM-DD-YYYY'), 'Y');
INSERT INTO RESERVATION VALUES ('00251', 00000175, 'PIT', 'LAS', '156', '1478592797011921', to_date('12-07-2016', 'MM-DD-YYYY'), 'Y');
INSERT INTO RESERVATION VALUES ('00252', 00000063, 'MIA', 'LAS', '184', '4121003540694993', to_date('12-08-2016', 'MM-DD-YYYY'), 'N');
INSERT INTO RESERVATION VALUES ('00253', 00000189, 'MIA', 'JFK', '67', '1631804092041913', to_date('12-04-2016', 'MM-DD-YYYY'), 'Y');
INSERT INTO RESERVATION VALUES ('00254', 00000111, 'MIA', 'IND', '67', '5805223784436155', to_date('12-04-2016', 'MM-DD-YYYY'), 'N');
INSERT INTO RESERVATION VALUES ('00255', 00000024, 'LAS', 'JFK', '108', '9022445041099630', to_date('12-08-2016', 'MM-DD-YYYY'), 'N');
INSERT INTO RESERVATION VALUES ('00256', 00000156, 'MIA', 'MIA', '195', '3210872866804764', to_date('12-04-2016', 'MM-DD-YYYY'), 'N');
INSERT INTO RESERVATION VALUES ('00257', 00000097, 'MCO', 'MCO', '224', '0372149067938694', to_date('12-05-2016', 'MM-DD-YYYY'), 'Y');
INSERT INTO RESERVATION VALUES ('00258', 00000187, 'IND', 'PIT', '234', '3508688528936214', to_date('12-04-2016', 'MM-DD-YYYY'), 'Y');
INSERT INTO RESERVATION VALUES ('00259', 00000078, 'MIA', 'SAN', '188', '6505110710989772', to_date('12-06-2016', 'MM-DD-YYYY'), 'N');
INSERT INTO RESERVATION VALUES ('00260', 00000098, 'IND', 'BWI', '167', '1169482971479836', to_date('12-10-2016', 'MM-DD-YYYY'), 'N');
INSERT INTO RESERVATION VALUES ('00261', 00000010, 'MCO', 'MCO', '184', '2525521289930003', to_date('12-04-2016', 'MM-DD-YYYY'), 'N');
INSERT INTO RESERVATION VALUES ('00262', 00000018, 'IND', 'SAN', '75', '4520978650557166', to_date('12-05-2016', 'MM-DD-YYYY'), 'Y');
INSERT INTO RESERVATION VALUES ('00263', 00000056, 'IND', 'SAN', '75', '9424939832877324', to_date('12-04-2016', 'MM-DD-YYYY'), 'Y');
INSERT INTO RESERVATION VALUES ('00264', 00000165, 'MCO', 'MCO', '224', '6645363858946754', to_date('12-05-2016', 'MM-DD-YYYY'), 'Y');
INSERT INTO RESERVATION VALUES ('00265', 00000054, 'IND', 'LAS', '65', '7932857281159416', to_date('12-07-2016', 'MM-DD-YYYY'), 'Y');
INSERT INTO RESERVATION VALUES ('00266', 00000120, 'BWI', 'LAS', '77', '9829686230313114', to_date('12-04-2016', 'MM-DD-YYYY'), 'Y');
INSERT INTO RESERVATION VALUES ('00267', 00000123, 'IND', 'PIT', '64', '2149311541175551', to_date('12-05-2016', 'MM-DD-YYYY'), 'N');
INSERT INTO RESERVATION VALUES ('00268', 00000099, 'JFK', 'IND', '98', '0416439655881423', to_date('12-05-2016', 'MM-DD-YYYY'), 'Y');
INSERT INTO RESERVATION VALUES ('00269', 00000093, 'PIT', 'MCO', '142', '2225249004695941', to_date('12-04-2016', 'MM-DD-YYYY'), 'N');
INSERT INTO RESERVATION VALUES ('00270', 00000136, 'MIA', 'JFK', '298', '0184823245926838', to_date('12-09-2016', 'MM-DD-YYYY'), 'N');
INSERT INTO RESERVATION VALUES ('00271', 00000141, 'BWI', 'IND', '54', '3052469868814238', to_date('12-05-2016', 'MM-DD-YYYY'), 'N');
INSERT INTO RESERVATION VALUES ('00272', 00000043, 'MIA', 'LAS', '56', '2516043002884756', to_date('12-05-2016', 'MM-DD-YYYY'), 'N');
INSERT INTO RESERVATION VALUES ('00273', 00000171, 'JFK', 'IND', '146', '0968904981299338', to_date('12-05-2016', 'MM-DD-YYYY'), 'Y');
INSERT INTO RESERVATION VALUES ('00274', 00000149, 'IND', 'MCO', '103', '9609864865989255', to_date('12-05-2016', 'MM-DD-YYYY'), 'N');
INSERT INTO RESERVATION VALUES ('00275', 00000020, 'MIA', 'MIA', '164', '6013372931123140', to_date('12-05-2016', 'MM-DD-YYYY'), 'N');
INSERT INTO RESERVATION VALUES ('00276', 00000108, 'IND', 'PIT', '148', '1584757353429534', to_date('12-04-2016', 'MM-DD-YYYY'), 'N');
INSERT INTO RESERVATION VALUES ('00277', 00000164, 'LAS', 'JFK', '230', '5319046994578618', to_date('12-08-2016', 'MM-DD-YYYY'), 'N');
INSERT INTO RESERVATION VALUES ('00278', 00000003, 'JFK', 'SAN', '86', '5891184119259356', to_date('12-06-2016', 'MM-DD-YYYY'), 'Y');
INSERT INTO RESERVATION VALUES ('00279', 00000114, 'SAN', 'BWI', '146', '1690725122083007', to_date('12-05-2016', 'MM-DD-YYYY'), 'N');
INSERT INTO RESERVATION VALUES ('00280', 00000050, 'PIT', 'MIA', '134', '4359203093110986', to_date('12-04-2016', 'MM-DD-YYYY'), 'N');
INSERT INTO RESERVATION VALUES ('00281', 00000179, 'LAS', 'JFK', '50', '2708007798753807', to_date('12-04-2016', 'MM-DD-YYYY'), 'N');
INSERT INTO RESERVATION VALUES ('00282', 00000163, 'JFK', 'MCO', '115', '0668870185120630', to_date('12-04-2016', 'MM-DD-YYYY'), 'N');
INSERT INTO RESERVATION VALUES ('00283', 00000192, 'PIT', 'LAS', '131', '5524149647599089', to_date('12-04-2016', 'MM-DD-YYYY'), 'N');
INSERT INTO RESERVATION VALUES ('00284', 00000083, 'JFK', 'LAS', '51', '8335135465081300', to_date('12-05-2016', 'MM-DD-YYYY'), 'N');
INSERT INTO RESERVATION VALUES ('00285', 00000166, 'JFK', 'BWI', '98', '5452516352539251', to_date('12-04-2016', 'MM-DD-YYYY'), 'Y');
INSERT INTO RESERVATION VALUES ('00286', 00000165, 'BWI', 'MIA', '60', '6645363858946754', to_date('12-04-2016', 'MM-DD-YYYY'), 'Y');
INSERT INTO RESERVATION VALUES ('00287', 00000020, 'JFK', 'IND', '146', '6013372931123140', to_date('12-05-2016', 'MM-DD-YYYY'), 'Y');
INSERT INTO RESERVATION VALUES ('00288', 00000151, 'JFK', 'LAS', '51', '3039172344575252', to_date('12-04-2016', 'MM-DD-YYYY'), 'N');
INSERT INTO RESERVATION VALUES ('00289', 00000065, 'MIA', 'LAS', '56', '8777370419484560', to_date('12-04-2016', 'MM-DD-YYYY'), 'Y');
INSERT INTO RESERVATION VALUES ('00290', 00000088, 'LAS', 'LAS', '181', '0846086786474867', to_date('12-05-2016', 'MM-DD-YYYY'), 'Y');
INSERT INTO RESERVATION VALUES ('00291', 00000120, 'MIA', 'MIA', '115', '9829686230313114', to_date('12-04-2016', 'MM-DD-YYYY'), 'Y');
INSERT INTO RESERVATION VALUES ('00292', 00000014, 'MIA', 'LAS', '56', '1102536122335751', to_date('12-04-2016', 'MM-DD-YYYY'), 'N');
INSERT INTO RESERVATION VALUES ('00293', 00000085, 'LAS', 'IND', '277', '1767796777892230', to_date('12-05-2016', 'MM-DD-YYYY'), 'N');
INSERT INTO RESERVATION VALUES ('00294', 00000149, 'JFK', 'SAN', '86', '9609864865989255', to_date('12-04-2016', 'MM-DD-YYYY'), 'Y');
INSERT INTO RESERVATION VALUES ('00295', 00000064, 'BWI', 'MCO', '120', '0247961512065518', to_date('12-05-2016', 'MM-DD-YYYY'), 'Y');
INSERT INTO RESERVATION VALUES ('00296', 00000051, 'IND', 'JFK', '70', '3837004697583038', to_date('12-04-2016', 'MM-DD-YYYY'), 'Y');
INSERT INTO RESERVATION VALUES ('00297', 00000125, 'LAS', 'MCO', '118', '5374562573012225', to_date('12-04-2016', 'MM-DD-YYYY'), 'Y');
INSERT INTO RESERVATION VALUES ('00298', 00000010, 'PIT', 'MCO', '188', '2525521289930003', to_date('12-06-2016', 'MM-DD-YYYY'), 'Y');
INSERT INTO RESERVATION VALUES ('00299', 00000192, 'JFK', 'MIA', '98', '5524149647599089', to_date('12-05-2016', 'MM-DD-YYYY'), 'N');
INSERT INTO RESERVATION VALUES ('00300', 00000182, 'MCO', 'MIA', '229', '9212412490692729', to_date('12-09-2016', 'MM-DD-YYYY'), 'N');

INSERT INTO RESERVATION_DETAIL VALUES('00001', '037', to_date('12-05-2016', 'MM-DD-YYYY'), 0);
INSERT INTO RESERVATION_DETAIL VALUES('00002', '038', to_date('12-05-2016', 'MM-DD-YYYY'), 0);
INSERT INTO RESERVATION_DETAIL VALUES('00002', '015', to_date('12-05-2016', 'MM-DD-YYYY'), 1);
INSERT INTO RESERVATION_DETAIL VALUES('00002', '004', to_date('12-07-2016', 'MM-DD-YYYY'), 2);
INSERT INTO RESERVATION_DETAIL VALUES('00002', '031', to_date('12-07-2016', 'MM-DD-YYYY'), 3);
INSERT INTO RESERVATION_DETAIL VALUES('00003', '053', to_date('12-07-2016', 'MM-DD-YYYY'), 0);
INSERT INTO RESERVATION_DETAIL VALUES('00004', '028', to_date('12-05-2016', 'MM-DD-YYYY'), 0);
INSERT INTO RESERVATION_DETAIL VALUES('00004', '055', to_date('12-05-2016', 'MM-DD-YYYY'), 1);
INSERT INTO RESERVATION_DETAIL VALUES('00004', '041', to_date('12-06-2016', 'MM-DD-YYYY'), 2);
INSERT INTO RESERVATION_DETAIL VALUES('00004', '045', to_date('12-07-2016', 'MM-DD-YYYY'), 3);
INSERT INTO RESERVATION_DETAIL VALUES('00005', '007', to_date('12-04-2016', 'MM-DD-YYYY'), 0);
INSERT INTO RESERVATION_DETAIL VALUES('00005', '054', to_date('12-06-2016', 'MM-DD-YYYY'), 1);
INSERT INTO RESERVATION_DETAIL VALUES('00006', '019', to_date('12-04-2016', 'MM-DD-YYYY'), 0);
INSERT INTO RESERVATION_DETAIL VALUES('00006', '041', to_date('12-05-2016', 'MM-DD-YYYY'), 1);
INSERT INTO RESERVATION_DETAIL VALUES('00007', '006', to_date('12-05-2016', 'MM-DD-YYYY'), 0);
INSERT INTO RESERVATION_DETAIL VALUES('00007', '044', to_date('12-06-2016', 'MM-DD-YYYY'), 1);
INSERT INTO RESERVATION_DETAIL VALUES('00007', '011', to_date('12-06-2016', 'MM-DD-YYYY'), 2);
INSERT INTO RESERVATION_DETAIL VALUES('00007', '034', to_date('12-08-2016', 'MM-DD-YYYY'), 3);
INSERT INTO RESERVATION_DETAIL VALUES('00008', '027', to_date('12-09-2016', 'MM-DD-YYYY'), 0);
INSERT INTO RESERVATION_DETAIL VALUES('00009', '022', to_date('12-05-2016', 'MM-DD-YYYY'), 0);
INSERT INTO RESERVATION_DETAIL VALUES('00009', '002', to_date('12-06-2016', 'MM-DD-YYYY'), 1);
INSERT INTO RESERVATION_DETAIL VALUES('00009', '016', to_date('12-07-2016', 'MM-DD-YYYY'), 2);
INSERT INTO RESERVATION_DETAIL VALUES('00009', '010', to_date('12-08-2016', 'MM-DD-YYYY'), 3);
INSERT INTO RESERVATION_DETAIL VALUES('00010', '027', to_date('12-09-2016', 'MM-DD-YYYY'), 0);
INSERT INTO RESERVATION_DETAIL VALUES('00011', '021', to_date('12-04-2016', 'MM-DD-YYYY'), 0);
INSERT INTO RESERVATION_DETAIL VALUES('00011', '053', to_date('12-05-2016', 'MM-DD-YYYY'), 1);
INSERT INTO RESERVATION_DETAIL VALUES('00012', '015', to_date('12-04-2016', 'MM-DD-YYYY'), 0);
INSERT INTO RESERVATION_DETAIL VALUES('00012', '004', to_date('12-06-2016', 'MM-DD-YYYY'), 1);
INSERT INTO RESERVATION_DETAIL VALUES('00012', '033', to_date('12-06-2016', 'MM-DD-YYYY'), 2);
INSERT INTO RESERVATION_DETAIL VALUES('00012', '038', to_date('12-08-2016', 'MM-DD-YYYY'), 3);
INSERT INTO RESERVATION_DETAIL VALUES('00013', '030', to_date('12-05-2016', 'MM-DD-YYYY'), 0);
INSERT INTO RESERVATION_DETAIL VALUES('00013', '012', to_date('12-06-2016', 'MM-DD-YYYY'), 1);
INSERT INTO RESERVATION_DETAIL VALUES('00014', '022', to_date('12-05-2016', 'MM-DD-YYYY'), 0);
INSERT INTO RESERVATION_DETAIL VALUES('00014', '003', to_date('12-05-2016', 'MM-DD-YYYY'), 1);
INSERT INTO RESERVATION_DETAIL VALUES('00015', '039', to_date('12-04-2016', 'MM-DD-YYYY'), 0);
INSERT INTO RESERVATION_DETAIL VALUES('00015', '023', to_date('12-05-2016', 'MM-DD-YYYY'), 1);
INSERT INTO RESERVATION_DETAIL VALUES('00016', '004', to_date('12-07-2016', 'MM-DD-YYYY'), 0);
INSERT INTO RESERVATION_DETAIL VALUES('00017', '019', to_date('12-04-2016', 'MM-DD-YYYY'), 0);
INSERT INTO RESERVATION_DETAIL VALUES('00017', '037', to_date('12-05-2016', 'MM-DD-YYYY'), 1);
INSERT INTO RESERVATION_DETAIL VALUES('00017', '011', to_date('12-06-2016', 'MM-DD-YYYY'), 2);
INSERT INTO RESERVATION_DETAIL VALUES('00017', '031', to_date('12-07-2016', 'MM-DD-YYYY'), 3);
INSERT INTO RESERVATION_DETAIL VALUES('00018', '005', to_date('12-04-2016', 'MM-DD-YYYY'), 0);
INSERT INTO RESERVATION_DETAIL VALUES('00018', '042', to_date('12-06-2016', 'MM-DD-YYYY'), 1);
INSERT INTO RESERVATION_DETAIL VALUES('00018', '055', to_date('12-06-2016', 'MM-DD-YYYY'), 2);
INSERT INTO RESERVATION_DETAIL VALUES('00018', '040', to_date('12-08-2016', 'MM-DD-YYYY'), 3);
INSERT INTO RESERVATION_DETAIL VALUES('00019', '029', to_date('12-04-2016', 'MM-DD-YYYY'), 0);
INSERT INTO RESERVATION_DETAIL VALUES('00019', '002', to_date('12-06-2016', 'MM-DD-YYYY'), 1);
INSERT INTO RESERVATION_DETAIL VALUES('00019', '016', to_date('12-07-2016', 'MM-DD-YYYY'), 2);
INSERT INTO RESERVATION_DETAIL VALUES('00019', '010', to_date('12-08-2016', 'MM-DD-YYYY'), 3);
INSERT INTO RESERVATION_DETAIL VALUES('00020', '020', to_date('12-05-2016', 'MM-DD-YYYY'), 0);
INSERT INTO RESERVATION_DETAIL VALUES('00020', '049', to_date('12-05-2016', 'MM-DD-YYYY'), 1);
INSERT INTO RESERVATION_DETAIL VALUES('00020', '050', to_date('12-07-2016', 'MM-DD-YYYY'), 2);
INSERT INTO RESERVATION_DETAIL VALUES('00020', '007', to_date('12-07-2016', 'MM-DD-YYYY'), 3);
INSERT INTO RESERVATION_DETAIL VALUES('00021', '027', to_date('12-04-2016', 'MM-DD-YYYY'), 0);
INSERT INTO RESERVATION_DETAIL VALUES('00021', '049', to_date('12-05-2016', 'MM-DD-YYYY'), 1);
INSERT INTO RESERVATION_DETAIL VALUES('00021', '056', to_date('12-07-2016', 'MM-DD-YYYY'), 2);
INSERT INTO RESERVATION_DETAIL VALUES('00021', '049', to_date('12-07-2016', 'MM-DD-YYYY'), 3);
INSERT INTO RESERVATION_DETAIL VALUES('00022', '033', to_date('12-04-2016', 'MM-DD-YYYY'), 0);
INSERT INTO RESERVATION_DETAIL VALUES('00022', '040', to_date('12-06-2016', 'MM-DD-YYYY'), 1);
INSERT INTO RESERVATION_DETAIL VALUES('00022', '035', to_date('12-06-2016', 'MM-DD-YYYY'), 2);
INSERT INTO RESERVATION_DETAIL VALUES('00022', '052', to_date('12-08-2016', 'MM-DD-YYYY'), 3);
INSERT INTO RESERVATION_DETAIL VALUES('00023', '019', to_date('12-08-2016', 'MM-DD-YYYY'), 0);
INSERT INTO RESERVATION_DETAIL VALUES('00024', '024', to_date('12-05-2016', 'MM-DD-YYYY'), 0);
INSERT INTO RESERVATION_DETAIL VALUES('00024', '020', to_date('12-06-2016', 'MM-DD-YYYY'), 1);
INSERT INTO RESERVATION_DETAIL VALUES('00024', '044', to_date('12-07-2016', 'MM-DD-YYYY'), 2);
INSERT INTO RESERVATION_DETAIL VALUES('00024', '013', to_date('12-07-2016', 'MM-DD-YYYY'), 3);
INSERT INTO RESERVATION_DETAIL VALUES('00025', '009', to_date('12-04-2016', 'MM-DD-YYYY'), 0);
INSERT INTO RESERVATION_DETAIL VALUES('00025', '015', to_date('12-05-2016', 'MM-DD-YYYY'), 1);
INSERT INTO RESERVATION_DETAIL VALUES('00026', '042', to_date('12-05-2016', 'MM-DD-YYYY'), 0);
INSERT INTO RESERVATION_DETAIL VALUES('00026', '056', to_date('12-06-2016', 'MM-DD-YYYY'), 1);
INSERT INTO RESERVATION_DETAIL VALUES('00026', '045', to_date('12-06-2016', 'MM-DD-YYYY'), 2);
INSERT INTO RESERVATION_DETAIL VALUES('00026', '019', to_date('12-07-2016', 'MM-DD-YYYY'), 3);
INSERT INTO RESERVATION_DETAIL VALUES('00027', '029', to_date('12-04-2016', 'MM-DD-YYYY'), 0);
INSERT INTO RESERVATION_DETAIL VALUES('00027', '006', to_date('12-06-2016', 'MM-DD-YYYY'), 1);
INSERT INTO RESERVATION_DETAIL VALUES('00027', '046', to_date('12-07-2016', 'MM-DD-YYYY'), 2);
INSERT INTO RESERVATION_DETAIL VALUES('00027', '022', to_date('12-08-2016', 'MM-DD-YYYY'), 3);
INSERT INTO RESERVATION_DETAIL VALUES('00028', '003', to_date('12-04-2016', 'MM-DD-YYYY'), 0);
INSERT INTO RESERVATION_DETAIL VALUES('00028', '022', to_date('12-06-2016', 'MM-DD-YYYY'), 1);
INSERT INTO RESERVATION_DETAIL VALUES('00029', '006', to_date('12-05-2016', 'MM-DD-YYYY'), 0);
INSERT INTO RESERVATION_DETAIL VALUES('00029', '043', to_date('12-05-2016', 'MM-DD-YYYY'), 1);
INSERT INTO RESERVATION_DETAIL VALUES('00030', '029', to_date('12-04-2016', 'MM-DD-YYYY'), 0);
INSERT INTO RESERVATION_DETAIL VALUES('00030', '002', to_date('12-06-2016', 'MM-DD-YYYY'), 1);
INSERT INTO RESERVATION_DETAIL VALUES('00030', '020', to_date('12-07-2016', 'MM-DD-YYYY'), 2);
INSERT INTO RESERVATION_DETAIL VALUES('00031', '089', to_date('12-04-2016', 'MM-DD-YYYY'), 0);
INSERT INTO RESERVATION_DETAIL VALUES('00031', '092', to_date('12-06-2016', 'MM-DD-YYYY'), 1);
INSERT INTO RESERVATION_DETAIL VALUES('00031', '062', to_date('12-07-2016', 'MM-DD-YYYY'), 2);
INSERT INTO RESERVATION_DETAIL VALUES('00032', '094', to_date('12-06-2016', 'MM-DD-YYYY'), 0);
INSERT INTO RESERVATION_DETAIL VALUES('00033', '102', to_date('12-05-2016', 'MM-DD-YYYY'), 0);
INSERT INTO RESERVATION_DETAIL VALUES('00033', '078', to_date('12-06-2016', 'MM-DD-YYYY'), 1);
INSERT INTO RESERVATION_DETAIL VALUES('00034', '110', to_date('12-08-2016', 'MM-DD-YYYY'), 0);
INSERT INTO RESERVATION_DETAIL VALUES('00035', '096', to_date('12-05-2016', 'MM-DD-YYYY'), 0);
INSERT INTO RESERVATION_DETAIL VALUES('00035', '086', to_date('12-06-2016', 'MM-DD-YYYY'), 1);
INSERT INTO RESERVATION_DETAIL VALUES('00035', '069', to_date('12-06-2016', 'MM-DD-YYYY'), 2);
INSERT INTO RESERVATION_DETAIL VALUES('00035', '099', to_date('12-07-2016', 'MM-DD-YYYY'), 3);
INSERT INTO RESERVATION_DETAIL VALUES('00036', '107', to_date('12-05-2016', 'MM-DD-YYYY'), 0);
INSERT INTO RESERVATION_DETAIL VALUES('00037', '111', to_date('12-04-2016', 'MM-DD-YYYY'), 0);
INSERT INTO RESERVATION_DETAIL VALUES('00037', '095', to_date('12-05-2016', 'MM-DD-YYYY'), 1);
INSERT INTO RESERVATION_DETAIL VALUES('00037', '081', to_date('12-06-2016', 'MM-DD-YYYY'), 2);
INSERT INTO RESERVATION_DETAIL VALUES('00038', '107', to_date('12-04-2016', 'MM-DD-YYYY'), 0);
INSERT INTO RESERVATION_DETAIL VALUES('00038', '068', to_date('12-06-2016', 'MM-DD-YYYY'), 1);
INSERT INTO RESERVATION_DETAIL VALUES('00038', '092', to_date('12-07-2016', 'MM-DD-YYYY'), 2);
INSERT INTO RESERVATION_DETAIL VALUES('00038', '059', to_date('12-07-2016', 'MM-DD-YYYY'), 3);
INSERT INTO RESERVATION_DETAIL VALUES('00039', '085', to_date('12-04-2016', 'MM-DD-YYYY'), 0);
INSERT INTO RESERVATION_DETAIL VALUES('00039', '059', to_date('12-05-2016', 'MM-DD-YYYY'), 1);
INSERT INTO RESERVATION_DETAIL VALUES('00040', '097', to_date('12-04-2016', 'MM-DD-YYYY'), 0);
INSERT INTO RESERVATION_DETAIL VALUES('00040', '103', to_date('12-05-2016', 'MM-DD-YYYY'), 1);
INSERT INTO RESERVATION_DETAIL VALUES('00040', '087', to_date('12-06-2016', 'MM-DD-YYYY'), 2);
INSERT INTO RESERVATION_DETAIL VALUES('00041', '075', to_date('12-04-2016', 'MM-DD-YYYY'), 0);
INSERT INTO RESERVATION_DETAIL VALUES('00041', '096', to_date('12-06-2016', 'MM-DD-YYYY'), 1);
INSERT INTO RESERVATION_DETAIL VALUES('00041', '088', to_date('12-07-2016', 'MM-DD-YYYY'), 2);
INSERT INTO RESERVATION_DETAIL VALUES('00042', '093', to_date('12-05-2016', 'MM-DD-YYYY'), 0);
INSERT INTO RESERVATION_DETAIL VALUES('00043', '083', to_date('12-04-2016', 'MM-DD-YYYY'), 0);
INSERT INTO RESERVATION_DETAIL VALUES('00043', '105', to_date('12-05-2016', 'MM-DD-YYYY'), 1);
INSERT INTO RESERVATION_DETAIL VALUES('00044', '074', to_date('12-05-2016', 'MM-DD-YYYY'), 0);
INSERT INTO RESERVATION_DETAIL VALUES('00044', '091', to_date('12-05-2016', 'MM-DD-YYYY'), 1);
INSERT INTO RESERVATION_DETAIL VALUES('00044', '106', to_date('12-07-2016', 'MM-DD-YYYY'), 2);
INSERT INTO RESERVATION_DETAIL VALUES('00045', '101', to_date('12-04-2016', 'MM-DD-YYYY'), 0);
INSERT INTO RESERVATION_DETAIL VALUES('00045', '073', to_date('12-05-2016', 'MM-DD-YYYY'), 1);
INSERT INTO RESERVATION_DETAIL VALUES('00045', '084', to_date('12-07-2016', 'MM-DD-YYYY'), 2);
INSERT INTO RESERVATION_DETAIL VALUES('00045', '109', to_date('12-07-2016', 'MM-DD-YYYY'), 3);
INSERT INTO RESERVATION_DETAIL VALUES('00046', '086', to_date('12-05-2016', 'MM-DD-YYYY'), 0);
INSERT INTO RESERVATION_DETAIL VALUES('00047', '089', to_date('12-08-2016', 'MM-DD-YYYY'), 0);
INSERT INTO RESERVATION_DETAIL VALUES('00048', '087', to_date('12-04-2016', 'MM-DD-YYYY'), 0);
INSERT INTO RESERVATION_DETAIL VALUES('00048', '075', to_date('12-05-2016', 'MM-DD-YYYY'), 1);
INSERT INTO RESERVATION_DETAIL VALUES('00048', '092', to_date('12-07-2016', 'MM-DD-YYYY'), 2);
INSERT INTO RESERVATION_DETAIL VALUES('00048', '062', to_date('12-08-2016', 'MM-DD-YYYY'), 3);
INSERT INTO RESERVATION_DETAIL VALUES('00049', '067', to_date('12-04-2016', 'MM-DD-YYYY'), 0);
INSERT INTO RESERVATION_DETAIL VALUES('00049', '089', to_date('12-05-2016', 'MM-DD-YYYY'), 1);
INSERT INTO RESERVATION_DETAIL VALUES('00049', '092', to_date('12-07-2016', 'MM-DD-YYYY'), 2);
INSERT INTO RESERVATION_DETAIL VALUES('00049', '061', to_date('12-07-2016', 'MM-DD-YYYY'), 3);
INSERT INTO RESERVATION_DETAIL VALUES('00050', '063', to_date('12-04-2016', 'MM-DD-YYYY'), 0);
INSERT INTO RESERVATION_DETAIL VALUES('00050', '108', to_date('12-06-2016', 'MM-DD-YYYY'), 1);
INSERT INTO RESERVATION_DETAIL VALUES('00051', '091', to_date('12-04-2016', 'MM-DD-YYYY'), 0);
INSERT INTO RESERVATION_DETAIL VALUES('00051', '109', to_date('12-05-2016', 'MM-DD-YYYY'), 1);
INSERT INTO RESERVATION_DETAIL VALUES('00051', '079', to_date('12-06-2016', 'MM-DD-YYYY'), 2);
INSERT INTO RESERVATION_DETAIL VALUES('00052', '083', to_date('12-09-2016', 'MM-DD-YYYY'), 0);
INSERT INTO RESERVATION_DETAIL VALUES('00053', '058', to_date('12-05-2016', 'MM-DD-YYYY'), 0);
INSERT INTO RESERVATION_DETAIL VALUES('00054', '074', to_date('12-05-2016', 'MM-DD-YYYY'), 0);
INSERT INTO RESERVATION_DETAIL VALUES('00054', '086', to_date('12-06-2016', 'MM-DD-YYYY'), 1);
INSERT INTO RESERVATION_DETAIL VALUES('00054', '065', to_date('12-06-2016', 'MM-DD-YYYY'), 2);
INSERT INTO RESERVATION_DETAIL VALUES('00054', '071', to_date('12-07-2016', 'MM-DD-YYYY'), 3);
INSERT INTO RESERVATION_DETAIL VALUES('00055', '103', to_date('12-04-2016', 'MM-DD-YYYY'), 0);
INSERT INTO RESERVATION_DETAIL VALUES('00055', '089', to_date('12-05-2016', 'MM-DD-YYYY'), 1);
INSERT INTO RESERVATION_DETAIL VALUES('00056', '094', to_date('12-06-2016', 'MM-DD-YYYY'), 0);
INSERT INTO RESERVATION_DETAIL VALUES('00057', '072', to_date('12-05-2016', 'MM-DD-YYYY'), 0);
INSERT INTO RESERVATION_DETAIL VALUES('00057', '064', to_date('12-06-2016', 'MM-DD-YYYY'), 1);
INSERT INTO RESERVATION_DETAIL VALUES('00058', '067', to_date('12-04-2016', 'MM-DD-YYYY'), 0);
INSERT INTO RESERVATION_DETAIL VALUES('00058', '088', to_date('12-06-2016', 'MM-DD-YYYY'), 1);
INSERT INTO RESERVATION_DETAIL VALUES('00058', '082', to_date('12-07-2016', 'MM-DD-YYYY'), 2);
INSERT INTO RESERVATION_DETAIL VALUES('00058', '096', to_date('12-08-2016', 'MM-DD-YYYY'), 3);
INSERT INTO RESERVATION_DETAIL VALUES('00059', '098', to_date('12-05-2016', 'MM-DD-YYYY'), 0);
INSERT INTO RESERVATION_DETAIL VALUES('00059', '109', to_date('12-05-2016', 'MM-DD-YYYY'), 1);
INSERT INTO RESERVATION_DETAIL VALUES('00059', '080', to_date('12-07-2016', 'MM-DD-YYYY'), 2);
INSERT INTO RESERVATION_DETAIL VALUES('00059', '072', to_date('12-08-2016', 'MM-DD-YYYY'), 3);
INSERT INTO RESERVATION_DETAIL VALUES('00060', '089', to_date('12-04-2016', 'MM-DD-YYYY'), 0);
INSERT INTO RESERVATION_DETAIL VALUES('00060', '092', to_date('12-06-2016', 'MM-DD-YYYY'), 1);
INSERT INTO RESERVATION_DETAIL VALUES('00060', '063', to_date('12-06-2016', 'MM-DD-YYYY'), 2);
INSERT INTO RESERVATION_DETAIL VALUES('00060', '109', to_date('12-07-2016', 'MM-DD-YYYY'), 3);
INSERT INTO RESERVATION_DETAIL VALUES('00061', '138', to_date('12-05-2016', 'MM-DD-YYYY'), 0);
INSERT INTO RESERVATION_DETAIL VALUES('00061', '154', to_date('12-06-2016', 'MM-DD-YYYY'), 1);
INSERT INTO RESERVATION_DETAIL VALUES('00061', '162', to_date('12-07-2016', 'MM-DD-YYYY'), 2);
INSERT INTO RESERVATION_DETAIL VALUES('00061', '114', to_date('12-08-2016', 'MM-DD-YYYY'), 3);
INSERT INTO RESERVATION_DETAIL VALUES('00062', '144', to_date('12-05-2016', 'MM-DD-YYYY'), 0);
INSERT INTO RESERVATION_DETAIL VALUES('00062', '136', to_date('12-06-2016', 'MM-DD-YYYY'), 1);
INSERT INTO RESERVATION_DETAIL VALUES('00063', '151', to_date('12-04-2016', 'MM-DD-YYYY'), 0);
INSERT INTO RESERVATION_DETAIL VALUES('00063', '140', to_date('12-06-2016', 'MM-DD-YYYY'), 1);
INSERT INTO RESERVATION_DETAIL VALUES('00064', '120', to_date('12-05-2016', 'MM-DD-YYYY'), 0);
INSERT INTO RESERVATION_DETAIL VALUES('00064', '116', to_date('12-06-2016', 'MM-DD-YYYY'), 1);
INSERT INTO RESERVATION_DETAIL VALUES('00065', '115', to_date('12-04-2016', 'MM-DD-YYYY'), 0);
INSERT INTO RESERVATION_DETAIL VALUES('00065', '139', to_date('12-05-2016', 'MM-DD-YYYY'), 1);
INSERT INTO RESERVATION_DETAIL VALUES('00065', '160', to_date('12-07-2016', 'MM-DD-YYYY'), 2);
INSERT INTO RESERVATION_DETAIL VALUES('00066', '121', to_date('12-04-2016', 'MM-DD-YYYY'), 0);
INSERT INTO RESERVATION_DETAIL VALUES('00066', '129', to_date('12-05-2016', 'MM-DD-YYYY'), 1);
INSERT INTO RESERVATION_DETAIL VALUES('00066', '138', to_date('12-07-2016', 'MM-DD-YYYY'), 2);
INSERT INTO RESERVATION_DETAIL VALUES('00066', '152', to_date('12-08-2016', 'MM-DD-YYYY'), 3);
INSERT INTO RESERVATION_DETAIL VALUES('00067', '156', to_date('12-05-2016', 'MM-DD-YYYY'), 0);
INSERT INTO RESERVATION_DETAIL VALUES('00067', '123', to_date('12-05-2016', 'MM-DD-YYYY'), 1);
INSERT INTO RESERVATION_DETAIL VALUES('00067', '142', to_date('12-07-2016', 'MM-DD-YYYY'), 2);
INSERT INTO RESERVATION_DETAIL VALUES('00067', '121', to_date('12-07-2016', 'MM-DD-YYYY'), 3);
INSERT INTO RESERVATION_DETAIL VALUES('00068', '117', to_date('12-08-2016', 'MM-DD-YYYY'), 0);
INSERT INTO RESERVATION_DETAIL VALUES('00069', '165', to_date('12-04-2016', 'MM-DD-YYYY'), 0);
INSERT INTO RESERVATION_DETAIL VALUES('00069', '134', to_date('12-06-2016', 'MM-DD-YYYY'), 1);
INSERT INTO RESERVATION_DETAIL VALUES('00069', '116', to_date('12-07-2016', 'MM-DD-YYYY'), 2);
INSERT INTO RESERVATION_DETAIL VALUES('00069', '145', to_date('12-07-2016', 'MM-DD-YYYY'), 3);
INSERT INTO RESERVATION_DETAIL VALUES('00070', '148', to_date('12-05-2016', 'MM-DD-YYYY'), 0);
INSERT INTO RESERVATION_DETAIL VALUES('00070', '116', to_date('12-06-2016', 'MM-DD-YYYY'), 1);
INSERT INTO RESERVATION_DETAIL VALUES('00070', '141', to_date('12-06-2016', 'MM-DD-YYYY'), 2);
INSERT INTO RESERVATION_DETAIL VALUES('00070', '114', to_date('12-08-2016', 'MM-DD-YYYY'), 3);
INSERT INTO RESERVATION_DETAIL VALUES('00071', '148', to_date('12-05-2016', 'MM-DD-YYYY'), 0);
INSERT INTO RESERVATION_DETAIL VALUES('00071', '117', to_date('12-05-2016', 'MM-DD-YYYY'), 1);
INSERT INTO RESERVATION_DETAIL VALUES('00071', '152', to_date('12-07-2016', 'MM-DD-YYYY'), 2);
INSERT INTO RESERVATION_DETAIL VALUES('00071', '146', to_date('12-08-2016', 'MM-DD-YYYY'), 3);
INSERT INTO RESERVATION_DETAIL VALUES('00072', '123', to_date('12-04-2016', 'MM-DD-YYYY'), 0);
INSERT INTO RESERVATION_DETAIL VALUES('00072', '147', to_date('12-05-2016', 'MM-DD-YYYY'), 1);
INSERT INTO RESERVATION_DETAIL VALUES('00072', '168', to_date('12-07-2016', 'MM-DD-YYYY'), 2);
INSERT INTO RESERVATION_DETAIL VALUES('00072', '156', to_date('12-08-2016', 'MM-DD-YYYY'), 3);
INSERT INTO RESERVATION_DETAIL VALUES('00073', '136', to_date('12-05-2016', 'MM-DD-YYYY'), 0);
INSERT INTO RESERVATION_DETAIL VALUES('00073', '130', to_date('12-06-2016', 'MM-DD-YYYY'), 1);
INSERT INTO RESERVATION_DETAIL VALUES('00074', '145', to_date('12-04-2016', 'MM-DD-YYYY'), 0);
INSERT INTO RESERVATION_DETAIL VALUES('00074', '151', to_date('12-05-2016', 'MM-DD-YYYY'), 1);
INSERT INTO RESERVATION_DETAIL VALUES('00074', '137', to_date('12-06-2016', 'MM-DD-YYYY'), 2);
INSERT INTO RESERVATION_DETAIL VALUES('00075', '124', to_date('12-05-2016', 'MM-DD-YYYY'), 0);
INSERT INTO RESERVATION_DETAIL VALUES('00075', '153', to_date('12-05-2016', 'MM-DD-YYYY'), 1);
INSERT INTO RESERVATION_DETAIL VALUES('00075', '160', to_date('12-07-2016', 'MM-DD-YYYY'), 2);
INSERT INTO RESERVATION_DETAIL VALUES('00075', '149', to_date('12-07-2016', 'MM-DD-YYYY'), 3);
INSERT INTO RESERVATION_DETAIL VALUES('00076', '167', to_date('12-04-2016', 'MM-DD-YYYY'), 0);
INSERT INTO RESERVATION_DETAIL VALUES('00076', '150', to_date('12-06-2016', 'MM-DD-YYYY'), 1);
INSERT INTO RESERVATION_DETAIL VALUES('00076', '131', to_date('12-06-2016', 'MM-DD-YYYY'), 2);
INSERT INTO RESERVATION_DETAIL VALUES('00077', '135', to_date('12-04-2016', 'MM-DD-YYYY'), 0);
INSERT INTO RESERVATION_DETAIL VALUES('00077', '126', to_date('12-06-2016', 'MM-DD-YYYY'), 1);
INSERT INTO RESERVATION_DETAIL VALUES('00077', '165', to_date('12-06-2016', 'MM-DD-YYYY'), 2);
INSERT INTO RESERVATION_DETAIL VALUES('00077', '138', to_date('12-08-2016', 'MM-DD-YYYY'), 3);
INSERT INTO RESERVATION_DETAIL VALUES('00078', '120', to_date('12-04-2016', 'MM-DD-YYYY'), 0);
INSERT INTO RESERVATION_DETAIL VALUES('00079', '121', to_date('12-04-2016', 'MM-DD-YYYY'), 0);
INSERT INTO RESERVATION_DETAIL VALUES('00079', '132', to_date('12-06-2016', 'MM-DD-YYYY'), 1);
INSERT INTO RESERVATION_DETAIL VALUES('00079', '159', to_date('12-06-2016', 'MM-DD-YYYY'), 2);
INSERT INTO RESERVATION_DETAIL VALUES('00080', '151', to_date('12-04-2016', 'MM-DD-YYYY'), 0);
INSERT INTO RESERVATION_DETAIL VALUES('00080', '140', to_date('12-06-2016', 'MM-DD-YYYY'), 1);
INSERT INTO RESERVATION_DETAIL VALUES('00080', '165', to_date('12-06-2016', 'MM-DD-YYYY'), 2);
INSERT INTO RESERVATION_DETAIL VALUES('00081', '136', to_date('12-05-2016', 'MM-DD-YYYY'), 0);
INSERT INTO RESERVATION_DETAIL VALUES('00081', '129', to_date('12-05-2016', 'MM-DD-YYYY'), 1);
INSERT INTO RESERVATION_DETAIL VALUES('00081', '138', to_date('12-07-2016', 'MM-DD-YYYY'), 2);
INSERT INTO RESERVATION_DETAIL VALUES('00082', '120', to_date('12-05-2016', 'MM-DD-YYYY'), 0);
INSERT INTO RESERVATION_DETAIL VALUES('00082', '119', to_date('12-05-2016', 'MM-DD-YYYY'), 1);
INSERT INTO RESERVATION_DETAIL VALUES('00083', '160', to_date('12-05-2016', 'MM-DD-YYYY'), 0);
INSERT INTO RESERVATION_DETAIL VALUES('00083', '153', to_date('12-05-2016', 'MM-DD-YYYY'), 1);
INSERT INTO RESERVATION_DETAIL VALUES('00083', '159', to_date('12-06-2016', 'MM-DD-YYYY'), 2);
INSERT INTO RESERVATION_DETAIL VALUES('00083', '143', to_date('12-07-2016', 'MM-DD-YYYY'), 3);
INSERT INTO RESERVATION_DETAIL VALUES('00084', '155', to_date('12-04-2016', 'MM-DD-YYYY'), 0);
INSERT INTO RESERVATION_DETAIL VALUES('00084', '115', to_date('12-05-2016', 'MM-DD-YYYY'), 1);
INSERT INTO RESERVATION_DETAIL VALUES('00085', '151', to_date('12-04-2016', 'MM-DD-YYYY'), 0);
INSERT INTO RESERVATION_DETAIL VALUES('00085', '137', to_date('12-05-2016', 'MM-DD-YYYY'), 1);
INSERT INTO RESERVATION_DETAIL VALUES('00085', '142', to_date('12-07-2016', 'MM-DD-YYYY'), 2);
INSERT INTO RESERVATION_DETAIL VALUES('00085', '124', to_date('12-08-2016', 'MM-DD-YYYY'), 3);
INSERT INTO RESERVATION_DETAIL VALUES('00086', '144', to_date('12-05-2016', 'MM-DD-YYYY'), 0);
INSERT INTO RESERVATION_DETAIL VALUES('00086', '135', to_date('12-05-2016', 'MM-DD-YYYY'), 1);
INSERT INTO RESERVATION_DETAIL VALUES('00087', '149', to_date('12-05-2016', 'MM-DD-YYYY'), 0);
INSERT INTO RESERVATION_DETAIL VALUES('00088', '134', to_date('12-05-2016', 'MM-DD-YYYY'), 0);
INSERT INTO RESERVATION_DETAIL VALUES('00088', '113', to_date('12-05-2016', 'MM-DD-YYYY'), 1);
INSERT INTO RESERVATION_DETAIL VALUES('00088', '121', to_date('12-06-2016', 'MM-DD-YYYY'), 2);
INSERT INTO RESERVATION_DETAIL VALUES('00088', '130', to_date('12-08-2016', 'MM-DD-YYYY'), 3);
INSERT INTO RESERVATION_DETAIL VALUES('00089', '132', to_date('12-05-2016', 'MM-DD-YYYY'), 0);
INSERT INTO RESERVATION_DETAIL VALUES('00089', '155', to_date('12-05-2016', 'MM-DD-YYYY'), 1);
INSERT INTO RESERVATION_DETAIL VALUES('00089', '114', to_date('12-07-2016', 'MM-DD-YYYY'), 2);
INSERT INTO RESERVATION_DETAIL VALUES('00089', '127', to_date('12-07-2016', 'MM-DD-YYYY'), 3);
INSERT INTO RESERVATION_DETAIL VALUES('00090', '139', to_date('12-04-2016', 'MM-DD-YYYY'), 0);
INSERT INTO RESERVATION_DETAIL VALUES('00090', '161', to_date('12-05-2016', 'MM-DD-YYYY'), 1);
INSERT INTO RESERVATION_DETAIL VALUES('00090', '163', to_date('12-06-2016', 'MM-DD-YYYY'), 2);
INSERT INTO RESERVATION_DETAIL VALUES('00091', '179', to_date('12-04-2016', 'MM-DD-YYYY'), 0);
INSERT INTO RESERVATION_DETAIL VALUES('00091', '199', to_date('12-05-2016', 'MM-DD-YYYY'), 1);
INSERT INTO RESERVATION_DETAIL VALUES('00092', '179', to_date('12-04-2016', 'MM-DD-YYYY'), 0);
INSERT INTO RESERVATION_DETAIL VALUES('00092', '198', to_date('12-06-2016', 'MM-DD-YYYY'), 1);
INSERT INTO RESERVATION_DETAIL VALUES('00092', '180', to_date('12-07-2016', 'MM-DD-YYYY'), 2);
INSERT INTO RESERVATION_DETAIL VALUES('00093', '222', to_date('12-05-2016', 'MM-DD-YYYY'), 0);
INSERT INTO RESERVATION_DETAIL VALUES('00093', '200', to_date('12-06-2016', 'MM-DD-YYYY'), 1);
INSERT INTO RESERVATION_DETAIL VALUES('00093', '196', to_date('12-07-2016', 'MM-DD-YYYY'), 2);
INSERT INTO RESERVATION_DETAIL VALUES('00093', '222', to_date('12-08-2016', 'MM-DD-YYYY'), 3);
INSERT INTO RESERVATION_DETAIL VALUES('00094', '206', to_date('12-05-2016', 'MM-DD-YYYY'), 0);
INSERT INTO RESERVATION_DETAIL VALUES('00094', '188', to_date('12-06-2016', 'MM-DD-YYYY'), 1);
INSERT INTO RESERVATION_DETAIL VALUES('00094', '211', to_date('12-06-2016', 'MM-DD-YYYY'), 2);
INSERT INTO RESERVATION_DETAIL VALUES('00095', '188', to_date('12-05-2016', 'MM-DD-YYYY'), 0);
INSERT INTO RESERVATION_DETAIL VALUES('00095', '211', to_date('12-05-2016', 'MM-DD-YYYY'), 1);
INSERT INTO RESERVATION_DETAIL VALUES('00095', '173', to_date('12-06-2016', 'MM-DD-YYYY'), 2);
INSERT INTO RESERVATION_DETAIL VALUES('00096', '197', to_date('12-04-2016', 'MM-DD-YYYY'), 0);
INSERT INTO RESERVATION_DETAIL VALUES('00097', '196', to_date('12-05-2016', 'MM-DD-YYYY'), 0);
INSERT INTO RESERVATION_DETAIL VALUES('00097', '219', to_date('12-05-2016', 'MM-DD-YYYY'), 1);
INSERT INTO RESERVATION_DETAIL VALUES('00098', '198', to_date('12-05-2016', 'MM-DD-YYYY'), 0);
INSERT INTO RESERVATION_DETAIL VALUES('00098', '182', to_date('12-06-2016', 'MM-DD-YYYY'), 1);
INSERT INTO RESERVATION_DETAIL VALUES('00099', '188', to_date('12-09-2016', 'MM-DD-YYYY'), 0);
INSERT INTO RESERVATION_DETAIL VALUES('00100', '180', to_date('12-05-2016', 'MM-DD-YYYY'), 0);
INSERT INTO RESERVATION_DETAIL VALUES('00100', '206', to_date('12-06-2016', 'MM-DD-YYYY'), 1);
INSERT INTO RESERVATION_DETAIL VALUES('00101', '192', to_date('12-05-2016', 'MM-DD-YYYY'), 0);
INSERT INTO RESERVATION_DETAIL VALUES('00101', '185', to_date('12-05-2016', 'MM-DD-YYYY'), 1);
INSERT INTO RESERVATION_DETAIL VALUES('00101', '194', to_date('12-07-2016', 'MM-DD-YYYY'), 2);
INSERT INTO RESERVATION_DETAIL VALUES('00102', '223', to_date('12-04-2016', 'MM-DD-YYYY'), 0);
INSERT INTO RESERVATION_DETAIL VALUES('00102', '207', to_date('12-05-2016', 'MM-DD-YYYY'), 1);
INSERT INTO RESERVATION_DETAIL VALUES('00103', '169', to_date('12-04-2016', 'MM-DD-YYYY'), 0);
INSERT INTO RESERVATION_DETAIL VALUES('00103', '182', to_date('12-06-2016', 'MM-DD-YYYY'), 1);
INSERT INTO RESERVATION_DETAIL VALUES('00104', '175', to_date('12-04-2016', 'MM-DD-YYYY'), 0);
INSERT INTO RESERVATION_DETAIL VALUES('00104', '218', to_date('12-06-2016', 'MM-DD-YYYY'), 1);
INSERT INTO RESERVATION_DETAIL VALUES('00105', '223', to_date('12-04-2016', 'MM-DD-YYYY'), 0);
INSERT INTO RESERVATION_DETAIL VALUES('00105', '208', to_date('12-06-2016', 'MM-DD-YYYY'), 1);
INSERT INTO RESERVATION_DETAIL VALUES('00105', '197', to_date('12-06-2016', 'MM-DD-YYYY'), 2);
INSERT INTO RESERVATION_DETAIL VALUES('00106', '223', to_date('12-04-2016', 'MM-DD-YYYY'), 0);
INSERT INTO RESERVATION_DETAIL VALUES('00106', '205', to_date('12-05-2016', 'MM-DD-YYYY'), 1);
INSERT INTO RESERVATION_DETAIL VALUES('00106', '176', to_date('12-07-2016', 'MM-DD-YYYY'), 2);
INSERT INTO RESERVATION_DETAIL VALUES('00107', '197', to_date('12-04-2016', 'MM-DD-YYYY'), 0);
INSERT INTO RESERVATION_DETAIL VALUES('00107', '174', to_date('12-06-2016', 'MM-DD-YYYY'), 1);
INSERT INTO RESERVATION_DETAIL VALUES('00108', '176', to_date('12-05-2016', 'MM-DD-YYYY'), 0);
INSERT INTO RESERVATION_DETAIL VALUES('00108', '170', to_date('12-06-2016', 'MM-DD-YYYY'), 1);
INSERT INTO RESERVATION_DETAIL VALUES('00109', '210', to_date('12-05-2016', 'MM-DD-YYYY'), 0);
INSERT INTO RESERVATION_DETAIL VALUES('00109', '222', to_date('12-06-2016', 'MM-DD-YYYY'), 1);
INSERT INTO RESERVATION_DETAIL VALUES('00109', '200', to_date('12-07-2016', 'MM-DD-YYYY'), 2);
INSERT INTO RESERVATION_DETAIL VALUES('00109', '196', to_date('12-08-2016', 'MM-DD-YYYY'), 3);
INSERT INTO RESERVATION_DETAIL VALUES('00110', '220', to_date('12-05-2016', 'MM-DD-YYYY'), 0);
INSERT INTO RESERVATION_DETAIL VALUES('00110', '189', to_date('12-05-2016', 'MM-DD-YYYY'), 1);
INSERT INTO RESERVATION_DETAIL VALUES('00110', '221', to_date('12-06-2016', 'MM-DD-YYYY'), 2);
INSERT INTO RESERVATION_DETAIL VALUES('00111', '194', to_date('12-08-2016', 'MM-DD-YYYY'), 0);
INSERT INTO RESERVATION_DETAIL VALUES('00112', '215', to_date('12-04-2016', 'MM-DD-YYYY'), 0);
INSERT INTO RESERVATION_DETAIL VALUES('00112', '199', to_date('12-05-2016', 'MM-DD-YYYY'), 1);
INSERT INTO RESERVATION_DETAIL VALUES('00112', '188', to_date('12-07-2016', 'MM-DD-YYYY'), 2);
INSERT INTO RESERVATION_DETAIL VALUES('00113', '185', to_date('12-06-2016', 'MM-DD-YYYY'), 0);
INSERT INTO RESERVATION_DETAIL VALUES('00114', '173', to_date('12-04-2016', 'MM-DD-YYYY'), 0);
INSERT INTO RESERVATION_DETAIL VALUES('00114', '205', to_date('12-05-2016', 'MM-DD-YYYY'), 1);
INSERT INTO RESERVATION_DETAIL VALUES('00114', '179', to_date('12-06-2016', 'MM-DD-YYYY'), 2);
INSERT INTO RESERVATION_DETAIL VALUES('00114', '198', to_date('12-08-2016', 'MM-DD-YYYY'), 3);
INSERT INTO RESERVATION_DETAIL VALUES('00115', '175', to_date('12-04-2016', 'MM-DD-YYYY'), 0);
INSERT INTO RESERVATION_DETAIL VALUES('00115', '224', to_date('12-06-2016', 'MM-DD-YYYY'), 1);
INSERT INTO RESERVATION_DETAIL VALUES('00115', '213', to_date('12-06-2016', 'MM-DD-YYYY'), 2);
INSERT INTO RESERVATION_DETAIL VALUES('00116', '205', to_date('12-04-2016', 'MM-DD-YYYY'), 0);
INSERT INTO RESERVATION_DETAIL VALUES('00116', '179', to_date('12-05-2016', 'MM-DD-YYYY'), 1);
INSERT INTO RESERVATION_DETAIL VALUES('00117', '193', to_date('12-04-2016', 'MM-DD-YYYY'), 0);
INSERT INTO RESERVATION_DETAIL VALUES('00117', '197', to_date('12-05-2016', 'MM-DD-YYYY'), 1);
INSERT INTO RESERVATION_DETAIL VALUES('00118', '217', to_date('12-10-2016', 'MM-DD-YYYY'), 0);
INSERT INTO RESERVATION_DETAIL VALUES('00119', '207', to_date('12-04-2016', 'MM-DD-YYYY'), 0);
INSERT INTO RESERVATION_DETAIL VALUES('00119', '193', to_date('12-05-2016', 'MM-DD-YYYY'), 1);
INSERT INTO RESERVATION_DETAIL VALUES('00120', '215', to_date('12-04-2016', 'MM-DD-YYYY'), 0);
INSERT INTO RESERVATION_DETAIL VALUES('00120', '200', to_date('12-06-2016', 'MM-DD-YYYY'), 1);
INSERT INTO RESERVATION_DETAIL VALUES('00121', '270', to_date('12-07-2016', 'MM-DD-YYYY'), 0);
INSERT INTO RESERVATION_DETAIL VALUES('00122', '258', to_date('12-09-2016', 'MM-DD-YYYY'), 0);
INSERT INTO RESERVATION_DETAIL VALUES('00123', '254', to_date('12-05-2016', 'MM-DD-YYYY'), 0);
INSERT INTO RESERVATION_DETAIL VALUES('00124', '261', to_date('12-04-2016', 'MM-DD-YYYY'), 0);
INSERT INTO RESERVATION_DETAIL VALUES('00124', '238', to_date('12-06-2016', 'MM-DD-YYYY'), 1);
INSERT INTO RESERVATION_DETAIL VALUES('00124', '277', to_date('12-06-2016', 'MM-DD-YYYY'), 2);
INSERT INTO RESERVATION_DETAIL VALUES('00125', '265', to_date('12-04-2016', 'MM-DD-YYYY'), 0);
INSERT INTO RESERVATION_DETAIL VALUES('00125', '269', to_date('12-05-2016', 'MM-DD-YYYY'), 1);
INSERT INTO RESERVATION_DETAIL VALUES('00126', '250', to_date('12-05-2016', 'MM-DD-YYYY'), 0);
INSERT INTO RESERVATION_DETAIL VALUES('00126', '263', to_date('12-05-2016', 'MM-DD-YYYY'), 1);
INSERT INTO RESERVATION_DETAIL VALUES('00126', '246', to_date('12-07-2016', 'MM-DD-YYYY'), 2);
INSERT INTO RESERVATION_DETAIL VALUES('00127', '241', to_date('12-04-2016', 'MM-DD-YYYY'), 0);
INSERT INTO RESERVATION_DETAIL VALUES('00127', '251', to_date('12-05-2016', 'MM-DD-YYYY'), 1);
INSERT INTO RESERVATION_DETAIL VALUES('00127', '270', to_date('12-07-2016', 'MM-DD-YYYY'), 2);
INSERT INTO RESERVATION_DETAIL VALUES('00128', '269', to_date('12-06-2016', 'MM-DD-YYYY'), 0);
INSERT INTO RESERVATION_DETAIL VALUES('00129', '226', to_date('12-05-2016', 'MM-DD-YYYY'), 0);
INSERT INTO RESERVATION_DETAIL VALUES('00130', '254', to_date('12-05-2016', 'MM-DD-YYYY'), 0);
INSERT INTO RESERVATION_DETAIL VALUES('00131', '245', to_date('12-10-2016', 'MM-DD-YYYY'), 0);
INSERT INTO RESERVATION_DETAIL VALUES('00132', '268', to_date('12-05-2016', 'MM-DD-YYYY'), 0);
INSERT INTO RESERVATION_DETAIL VALUES('00132', '237', to_date('12-05-2016', 'MM-DD-YYYY'), 1);
INSERT INTO RESERVATION_DETAIL VALUES('00132', '267', to_date('12-06-2016', 'MM-DD-YYYY'), 2);
INSERT INTO RESERVATION_DETAIL VALUES('00133', '265', to_date('12-04-2016', 'MM-DD-YYYY'), 0);
INSERT INTO RESERVATION_DETAIL VALUES('00133', '269', to_date('12-05-2016', 'MM-DD-YYYY'), 1);
INSERT INTO RESERVATION_DETAIL VALUES('00134', '270', to_date('12-05-2016', 'MM-DD-YYYY'), 0);
INSERT INTO RESERVATION_DETAIL VALUES('00134', '246', to_date('12-06-2016', 'MM-DD-YYYY'), 1);
INSERT INTO RESERVATION_DETAIL VALUES('00134', '227', to_date('12-06-2016', 'MM-DD-YYYY'), 2);
INSERT INTO RESERVATION_DETAIL VALUES('00134', '247', to_date('12-07-2016', 'MM-DD-YYYY'), 3);
INSERT INTO RESERVATION_DETAIL VALUES('00135', '266', to_date('12-10-2016', 'MM-DD-YYYY'), 0);
INSERT INTO RESERVATION_DETAIL VALUES('00136', '271', to_date('12-04-2016', 'MM-DD-YYYY'), 0);
INSERT INTO RESERVATION_DETAIL VALUES('00136', '253', to_date('12-05-2016', 'MM-DD-YYYY'), 1);
INSERT INTO RESERVATION_DETAIL VALUES('00137', '247', to_date('12-04-2016', 'MM-DD-YYYY'), 0);
INSERT INTO RESERVATION_DETAIL VALUES('00137', '232', to_date('12-06-2016', 'MM-DD-YYYY'), 1);
INSERT INTO RESERVATION_DETAIL VALUES('00137', '228', to_date('12-07-2016', 'MM-DD-YYYY'), 2);
INSERT INTO RESERVATION_DETAIL VALUES('00137', '259', to_date('12-07-2016', 'MM-DD-YYYY'), 3);
INSERT INTO RESERVATION_DETAIL VALUES('00138', '261', to_date('12-04-2016', 'MM-DD-YYYY'), 0);
INSERT INTO RESERVATION_DETAIL VALUES('00138', '237', to_date('12-05-2016', 'MM-DD-YYYY'), 1);
INSERT INTO RESERVATION_DETAIL VALUES('00139', '264', to_date('12-05-2016', 'MM-DD-YYYY'), 0);
INSERT INTO RESERVATION_DETAIL VALUES('00139', '259', to_date('12-05-2016', 'MM-DD-YYYY'), 1);
INSERT INTO RESERVATION_DETAIL VALUES('00139', '276', to_date('12-07-2016', 'MM-DD-YYYY'), 2);
INSERT INTO RESERVATION_DETAIL VALUES('00139', '245', to_date('12-07-2016', 'MM-DD-YYYY'), 3);
INSERT INTO RESERVATION_DETAIL VALUES('00140', '247', to_date('12-04-2016', 'MM-DD-YYYY'), 0);
INSERT INTO RESERVATION_DETAIL VALUES('00140', '233', to_date('12-05-2016', 'MM-DD-YYYY'), 1);
INSERT INTO RESERVATION_DETAIL VALUES('00140', '245', to_date('12-06-2016', 'MM-DD-YYYY'), 2);
INSERT INTO RESERVATION_DETAIL VALUES('00140', '276', to_date('12-08-2016', 'MM-DD-YYYY'), 3);
INSERT INTO RESERVATION_DETAIL VALUES('00141', '245', to_date('12-04-2016', 'MM-DD-YYYY'), 0);
INSERT INTO RESERVATION_DETAIL VALUES('00141', '278', to_date('12-06-2016', 'MM-DD-YYYY'), 1);
INSERT INTO RESERVATION_DETAIL VALUES('00142', '241', to_date('12-06-2016', 'MM-DD-YYYY'), 0);
INSERT INTO RESERVATION_DETAIL VALUES('00143', '250', to_date('12-05-2016', 'MM-DD-YYYY'), 0);
INSERT INTO RESERVATION_DETAIL VALUES('00143', '265', to_date('12-05-2016', 'MM-DD-YYYY'), 1);
INSERT INTO RESERVATION_DETAIL VALUES('00143', '268', to_date('12-07-2016', 'MM-DD-YYYY'), 2);
INSERT INTO RESERVATION_DETAIL VALUES('00143', '235', to_date('12-07-2016', 'MM-DD-YYYY'), 3);
INSERT INTO RESERVATION_DETAIL VALUES('00144', '252', to_date('12-10-2016', 'MM-DD-YYYY'), 0);
INSERT INTO RESERVATION_DETAIL VALUES('00145', '235', to_date('12-04-2016', 'MM-DD-YYYY'), 0);
INSERT INTO RESERVATION_DETAIL VALUES('00145', '255', to_date('12-05-2016', 'MM-DD-YYYY'), 1);
INSERT INTO RESERVATION_DETAIL VALUES('00146', '244', to_date('12-05-2016', 'MM-DD-YYYY'), 0);
INSERT INTO RESERVATION_DETAIL VALUES('00146', '268', to_date('12-06-2016', 'MM-DD-YYYY'), 1);
INSERT INTO RESERVATION_DETAIL VALUES('00147', '241', to_date('12-04-2016', 'MM-DD-YYYY'), 0);
INSERT INTO RESERVATION_DETAIL VALUES('00147', '250', to_date('12-06-2016', 'MM-DD-YYYY'), 1);
INSERT INTO RESERVATION_DETAIL VALUES('00147', '263', to_date('12-06-2016', 'MM-DD-YYYY'), 2);
INSERT INTO RESERVATION_DETAIL VALUES('00147', '252', to_date('12-08-2016', 'MM-DD-YYYY'), 3);
INSERT INTO RESERVATION_DETAIL VALUES('00148', '227', to_date('12-04-2016', 'MM-DD-YYYY'), 0);
INSERT INTO RESERVATION_DETAIL VALUES('00148', '247', to_date('12-05-2016', 'MM-DD-YYYY'), 1);
INSERT INTO RESERVATION_DETAIL VALUES('00148', '232', to_date('12-07-2016', 'MM-DD-YYYY'), 2);
INSERT INTO RESERVATION_DETAIL VALUES('00148', '231', to_date('12-07-2016', 'MM-DD-YYYY'), 3);
INSERT INTO RESERVATION_DETAIL VALUES('00149', '250', to_date('12-05-2016', 'MM-DD-YYYY'), 0);
INSERT INTO RESERVATION_DETAIL VALUES('00149', '260', to_date('12-06-2016', 'MM-DD-YYYY'), 1);
INSERT INTO RESERVATION_DETAIL VALUES('00149', '230', to_date('12-07-2016', 'MM-DD-YYYY'), 2);
INSERT INTO RESERVATION_DETAIL VALUES('00150', '260', to_date('12-05-2016', 'MM-DD-YYYY'), 0);
INSERT INTO RESERVATION_DETAIL VALUES('00150', '230', to_date('12-06-2016', 'MM-DD-YYYY'), 1);
INSERT INTO RESERVATION_DETAIL VALUES('00150', '270', to_date('12-07-2016', 'MM-DD-YYYY'), 2);
INSERT INTO RESERVATION_DETAIL VALUES('00150', '247', to_date('12-07-2016', 'MM-DD-YYYY'), 3);
INSERT INTO RESERVATION_DETAIL VALUES('00151', '312', to_date('12-05-2016', 'MM-DD-YYYY'), 0);
INSERT INTO RESERVATION_DETAIL VALUES('00151', '302', to_date('12-06-2016', 'MM-DD-YYYY'), 1);
INSERT INTO RESERVATION_DETAIL VALUES('00151', '284', to_date('12-07-2016', 'MM-DD-YYYY'), 2);
INSERT INTO RESERVATION_DETAIL VALUES('00152', '300', to_date('12-05-2016', 'MM-DD-YYYY'), 0);
INSERT INTO RESERVATION_DETAIL VALUES('00152', '327', to_date('12-05-2016', 'MM-DD-YYYY'), 1);
INSERT INTO RESERVATION_DETAIL VALUES('00152', '314', to_date('12-07-2016', 'MM-DD-YYYY'), 2);
INSERT INTO RESERVATION_DETAIL VALUES('00152', '329', to_date('12-07-2016', 'MM-DD-YYYY'), 3);
INSERT INTO RESERVATION_DETAIL VALUES('00153', '323', to_date('12-04-2016', 'MM-DD-YYYY'), 0);
INSERT INTO RESERVATION_DETAIL VALUES('00154', '320', to_date('12-08-2016', 'MM-DD-YYYY'), 0);
INSERT INTO RESERVATION_DETAIL VALUES('00155', '317', to_date('12-04-2016', 'MM-DD-YYYY'), 0);
INSERT INTO RESERVATION_DETAIL VALUES('00155', '293', to_date('12-05-2016', 'MM-DD-YYYY'), 1);
INSERT INTO RESERVATION_DETAIL VALUES('00155', '325', to_date('12-06-2016', 'MM-DD-YYYY'), 2);
INSERT INTO RESERVATION_DETAIL VALUES('00156', '297', to_date('12-04-2016', 'MM-DD-YYYY'), 0);
INSERT INTO RESERVATION_DETAIL VALUES('00156', '305', to_date('12-05-2016', 'MM-DD-YYYY'), 1);
INSERT INTO RESERVATION_DETAIL VALUES('00156', '310', to_date('12-07-2016', 'MM-DD-YYYY'), 2);
INSERT INTO RESERVATION_DETAIL VALUES('00156', '291', to_date('12-07-2016', 'MM-DD-YYYY'), 3);
INSERT INTO RESERVATION_DETAIL VALUES('00157', '325', to_date('12-06-2016', 'MM-DD-YYYY'), 0);
INSERT INTO RESERVATION_DETAIL VALUES('00158', '287', to_date('12-04-2016', 'MM-DD-YYYY'), 0);
INSERT INTO RESERVATION_DETAIL VALUES('00158', '336', to_date('12-06-2016', 'MM-DD-YYYY'), 1);
INSERT INTO RESERVATION_DETAIL VALUES('00158', '328', to_date('12-07-2016', 'MM-DD-YYYY'), 2);
INSERT INTO RESERVATION_DETAIL VALUES('00158', '322', to_date('12-08-2016', 'MM-DD-YYYY'), 3);
INSERT INTO RESERVATION_DETAIL VALUES('00159', '323', to_date('12-04-2016', 'MM-DD-YYYY'), 0);
INSERT INTO RESERVATION_DETAIL VALUES('00160', '325', to_date('12-04-2016', 'MM-DD-YYYY'), 0);
INSERT INTO RESERVATION_DETAIL VALUES('00160', '296', to_date('12-06-2016', 'MM-DD-YYYY'), 1);
INSERT INTO RESERVATION_DETAIL VALUES('00160', '289', to_date('12-06-2016', 'MM-DD-YYYY'), 2);
INSERT INTO RESERVATION_DETAIL VALUES('00160', '300', to_date('12-08-2016', 'MM-DD-YYYY'), 3);
INSERT INTO RESERVATION_DETAIL VALUES('00161', '335', to_date('12-04-2016', 'MM-DD-YYYY'), 0);
INSERT INTO RESERVATION_DETAIL VALUES('00161', '317', to_date('12-05-2016', 'MM-DD-YYYY'), 1);
INSERT INTO RESERVATION_DETAIL VALUES('00161', '293', to_date('12-06-2016', 'MM-DD-YYYY'), 2);
INSERT INTO RESERVATION_DETAIL VALUES('00162', '283', to_date('12-04-2016', 'MM-DD-YYYY'), 0);
INSERT INTO RESERVATION_DETAIL VALUES('00162', '305', to_date('12-05-2016', 'MM-DD-YYYY'), 1);
INSERT INTO RESERVATION_DETAIL VALUES('00162', '311', to_date('12-06-2016', 'MM-DD-YYYY'), 2);
INSERT INTO RESERVATION_DETAIL VALUES('00163', '286', to_date('12-09-2016', 'MM-DD-YYYY'), 0);
INSERT INTO RESERVATION_DETAIL VALUES('00164', '318', to_date('12-05-2016', 'MM-DD-YYYY'), 0);
INSERT INTO RESERVATION_DETAIL VALUES('00164', '299', to_date('12-05-2016', 'MM-DD-YYYY'), 1);
INSERT INTO RESERVATION_DETAIL VALUES('00165', '303', to_date('12-05-2016', 'MM-DD-YYYY'), 0);
INSERT INTO RESERVATION_DETAIL VALUES('00166', '321', to_date('12-04-2016', 'MM-DD-YYYY'), 0);
INSERT INTO RESERVATION_DETAIL VALUES('00166', '323', to_date('12-05-2016', 'MM-DD-YYYY'), 1);
INSERT INTO RESERVATION_DETAIL VALUES('00166', '282', to_date('12-07-2016', 'MM-DD-YYYY'), 2);
INSERT INTO RESERVATION_DETAIL VALUES('00167', '317', to_date('12-04-2016', 'MM-DD-YYYY'), 0);
INSERT INTO RESERVATION_DETAIL VALUES('00167', '289', to_date('12-05-2016', 'MM-DD-YYYY'), 1);
INSERT INTO RESERVATION_DETAIL VALUES('00167', '295', to_date('12-06-2016', 'MM-DD-YYYY'), 2);
INSERT INTO RESERVATION_DETAIL VALUES('00168', '286', to_date('12-09-2016', 'MM-DD-YYYY'), 0);
INSERT INTO RESERVATION_DETAIL VALUES('00169', '313', to_date('12-08-2016', 'MM-DD-YYYY'), 0);
INSERT INTO RESERVATION_DETAIL VALUES('00170', '325', to_date('12-04-2016', 'MM-DD-YYYY'), 0);
INSERT INTO RESERVATION_DETAIL VALUES('00170', '300', to_date('12-06-2016', 'MM-DD-YYYY'), 1);
INSERT INTO RESERVATION_DETAIL VALUES('00170', '329', to_date('12-06-2016', 'MM-DD-YYYY'), 2);
INSERT INTO RESERVATION_DETAIL VALUES('00170', '335', to_date('12-07-2016', 'MM-DD-YYYY'), 3);
INSERT INTO RESERVATION_DETAIL VALUES('00171', '284', to_date('12-05-2016', 'MM-DD-YYYY'), 0);
INSERT INTO RESERVATION_DETAIL VALUES('00171', '311', to_date('12-05-2016', 'MM-DD-YYYY'), 1);
INSERT INTO RESERVATION_DETAIL VALUES('00171', '298', to_date('12-07-2016', 'MM-DD-YYYY'), 2);
INSERT INTO RESERVATION_DETAIL VALUES('00172', '331', to_date('12-04-2016', 'MM-DD-YYYY'), 0);
INSERT INTO RESERVATION_DETAIL VALUES('00172', '293', to_date('12-05-2016', 'MM-DD-YYYY'), 1);
INSERT INTO RESERVATION_DETAIL VALUES('00173', '324', to_date('12-05-2016', 'MM-DD-YYYY'), 0);
INSERT INTO RESERVATION_DETAIL VALUES('00173', '294', to_date('12-06-2016', 'MM-DD-YYYY'), 1);
INSERT INTO RESERVATION_DETAIL VALUES('00173', '336', to_date('12-07-2016', 'MM-DD-YYYY'), 2);
INSERT INTO RESERVATION_DETAIL VALUES('00173', '326', to_date('12-08-2016', 'MM-DD-YYYY'), 3);
INSERT INTO RESERVATION_DETAIL VALUES('00174', '301', to_date('12-10-2016', 'MM-DD-YYYY'), 0);
INSERT INTO RESERVATION_DETAIL VALUES('00175', '294', to_date('12-05-2016', 'MM-DD-YYYY'), 0);
INSERT INTO RESERVATION_DETAIL VALUES('00175', '332', to_date('12-06-2016', 'MM-DD-YYYY'), 1);
INSERT INTO RESERVATION_DETAIL VALUES('00176', '324', to_date('12-05-2016', 'MM-DD-YYYY'), 0);
INSERT INTO RESERVATION_DETAIL VALUES('00176', '290', to_date('12-06-2016', 'MM-DD-YYYY'), 1);
INSERT INTO RESERVATION_DETAIL VALUES('00177', '320', to_date('12-08-2016', 'MM-DD-YYYY'), 0);
INSERT INTO RESERVATION_DETAIL VALUES('00178', '312', to_date('12-05-2016', 'MM-DD-YYYY'), 0);
INSERT INTO RESERVATION_DETAIL VALUES('00178', '304', to_date('12-06-2016', 'MM-DD-YYYY'), 1);
INSERT INTO RESERVATION_DETAIL VALUES('00179', '282', to_date('12-05-2016', 'MM-DD-YYYY'), 0);
INSERT INTO RESERVATION_DETAIL VALUES('00179', '300', to_date('12-06-2016', 'MM-DD-YYYY'), 1);
INSERT INTO RESERVATION_DETAIL VALUES('00179', '326', to_date('12-07-2016', 'MM-DD-YYYY'), 2);
INSERT INTO RESERVATION_DETAIL VALUES('00180', '299', to_date('12-04-2016', 'MM-DD-YYYY'), 0);
INSERT INTO RESERVATION_DETAIL VALUES('00180', '317', to_date('12-05-2016', 'MM-DD-YYYY'), 1);
INSERT INTO RESERVATION_DETAIL VALUES('00181', '337', to_date('12-04-2016', 'MM-DD-YYYY'), 0);
INSERT INTO RESERVATION_DETAIL VALUES('00182', '371', to_date('12-04-2016', 'MM-DD-YYYY'), 0);
INSERT INTO RESERVATION_DETAIL VALUES('00182', '390', to_date('12-06-2016', 'MM-DD-YYYY'), 1);
INSERT INTO RESERVATION_DETAIL VALUES('00182', '367', to_date('12-06-2016', 'MM-DD-YYYY'), 2);
INSERT INTO RESERVATION_DETAIL VALUES('00182', '352', to_date('12-08-2016', 'MM-DD-YYYY'), 3);
INSERT INTO RESERVATION_DETAIL VALUES('00183', '359', to_date('12-04-2016', 'MM-DD-YYYY'), 0);
INSERT INTO RESERVATION_DETAIL VALUES('00183', '346', to_date('12-06-2016', 'MM-DD-YYYY'), 1);
INSERT INTO RESERVATION_DETAIL VALUES('00184', '344', to_date('12-04-2016', 'MM-DD-YYYY'), 0);
INSERT INTO RESERVATION_DETAIL VALUES('00185', '390', to_date('12-05-2016', 'MM-DD-YYYY'), 0);
INSERT INTO RESERVATION_DETAIL VALUES('00185', '365', to_date('12-05-2016', 'MM-DD-YYYY'), 1);
INSERT INTO RESERVATION_DETAIL VALUES('00185', '340', to_date('12-07-2016', 'MM-DD-YYYY'), 2);
INSERT INTO RESERVATION_DETAIL VALUES('00186', '369', to_date('12-08-2016', 'MM-DD-YYYY'), 0);
INSERT INTO RESERVATION_DETAIL VALUES('00187', '371', to_date('12-04-2016', 'MM-DD-YYYY'), 0);
INSERT INTO RESERVATION_DETAIL VALUES('00187', '386', to_date('12-06-2016', 'MM-DD-YYYY'), 1);
INSERT INTO RESERVATION_DETAIL VALUES('00188', '374', to_date('12-05-2016', 'MM-DD-YYYY'), 0);
INSERT INTO RESERVATION_DETAIL VALUES('00188', '356', to_date('12-06-2016', 'MM-DD-YYYY'), 1);
INSERT INTO RESERVATION_DETAIL VALUES('00188', '381', to_date('12-06-2016', 'MM-DD-YYYY'), 2);
INSERT INTO RESERVATION_DETAIL VALUES('00189', '357', to_date('12-10-2016', 'MM-DD-YYYY'), 0);
INSERT INTO RESERVATION_DETAIL VALUES('00190', '346', to_date('12-05-2016', 'MM-DD-YYYY'), 0);
INSERT INTO RESERVATION_DETAIL VALUES('00190', '358', to_date('12-06-2016', 'MM-DD-YYYY'), 1);
INSERT INTO RESERVATION_DETAIL VALUES('00190', '338', to_date('12-07-2016', 'MM-DD-YYYY'), 2);
INSERT INTO RESERVATION_DETAIL VALUES('00191', '360', to_date('12-05-2016', 'MM-DD-YYYY'), 0);
INSERT INTO RESERVATION_DETAIL VALUES('00191', '357', to_date('12-05-2016', 'MM-DD-YYYY'), 1);
INSERT INTO RESERVATION_DETAIL VALUES('00191', '389', to_date('12-06-2016', 'MM-DD-YYYY'), 2);
INSERT INTO RESERVATION_DETAIL VALUES('00191', '358', to_date('12-08-2016', 'MM-DD-YYYY'), 3);
INSERT INTO RESERVATION_DETAIL VALUES('00192', '368', to_date('12-05-2016', 'MM-DD-YYYY'), 0);
INSERT INTO RESERVATION_DETAIL VALUES('00192', '363', to_date('12-05-2016', 'MM-DD-YYYY'), 1);
INSERT INTO RESERVATION_DETAIL VALUES('00192', '380', to_date('12-07-2016', 'MM-DD-YYYY'), 2);
INSERT INTO RESERVATION_DETAIL VALUES('00193', '375', to_date('12-04-2016', 'MM-DD-YYYY'), 0);
INSERT INTO RESERVATION_DETAIL VALUES('00193', '361', to_date('12-05-2016', 'MM-DD-YYYY'), 1);
INSERT INTO RESERVATION_DETAIL VALUES('00194', '383', to_date('12-08-2016', 'MM-DD-YYYY'), 0);
INSERT INTO RESERVATION_DETAIL VALUES('00195', '369', to_date('12-04-2016', 'MM-DD-YYYY'), 0);
INSERT INTO RESERVATION_DETAIL VALUES('00195', '372', to_date('12-06-2016', 'MM-DD-YYYY'), 1);
INSERT INTO RESERVATION_DETAIL VALUES('00195', '338', to_date('12-07-2016', 'MM-DD-YYYY'), 2);
INSERT INTO RESERVATION_DETAIL VALUES('00195', '354', to_date('12-08-2016', 'MM-DD-YYYY'), 3);
INSERT INTO RESERVATION_DETAIL VALUES('00196', '373', to_date('12-04-2016', 'MM-DD-YYYY'), 0);
INSERT INTO RESERVATION_DETAIL VALUES('00196', '349', to_date('12-05-2016', 'MM-DD-YYYY'), 1);
INSERT INTO RESERVATION_DETAIL VALUES('00197', '348', to_date('12-08-2016', 'MM-DD-YYYY'), 0);
INSERT INTO RESERVATION_DETAIL VALUES('00198', '365', to_date('12-04-2016', 'MM-DD-YYYY'), 0);
INSERT INTO RESERVATION_DETAIL VALUES('00199', '340', to_date('12-05-2016', 'MM-DD-YYYY'), 0);
INSERT INTO RESERVATION_DETAIL VALUES('00199', '371', to_date('12-05-2016', 'MM-DD-YYYY'), 1);
INSERT INTO RESERVATION_DETAIL VALUES('00200', '380', to_date('12-05-2016', 'MM-DD-YYYY'), 0);
INSERT INTO RESERVATION_DETAIL VALUES('00200', '347', to_date('12-05-2016', 'MM-DD-YYYY'), 1);
INSERT INTO RESERVATION_DETAIL VALUES('00201', '340', to_date('12-07-2016', 'MM-DD-YYYY'), 0);
INSERT INTO RESERVATION_DETAIL VALUES('00202', '387', to_date('12-04-2016', 'MM-DD-YYYY'), 0);
INSERT INTO RESERVATION_DETAIL VALUES('00202', '344', to_date('12-06-2016', 'MM-DD-YYYY'), 1);
INSERT INTO RESERVATION_DETAIL VALUES('00203', '364', to_date('12-05-2016', 'MM-DD-YYYY'), 0);
INSERT INTO RESERVATION_DETAIL VALUES('00203', '391', to_date('12-05-2016', 'MM-DD-YYYY'), 1);
INSERT INTO RESERVATION_DETAIL VALUES('00203', '372', to_date('12-07-2016', 'MM-DD-YYYY'), 2);
INSERT INTO RESERVATION_DETAIL VALUES('00204', '354', to_date('12-05-2016', 'MM-DD-YYYY'), 0);
INSERT INTO RESERVATION_DETAIL VALUES('00204', '368', to_date('12-06-2016', 'MM-DD-YYYY'), 1);
INSERT INTO RESERVATION_DETAIL VALUES('00205', '362', to_date('12-05-2016', 'MM-DD-YYYY'), 0);
INSERT INTO RESERVATION_DETAIL VALUES('00205', '374', to_date('12-06-2016', 'MM-DD-YYYY'), 1);
INSERT INTO RESERVATION_DETAIL VALUES('00206', '387', to_date('12-04-2016', 'MM-DD-YYYY'), 0);
INSERT INTO RESERVATION_DETAIL VALUES('00206', '348', to_date('12-06-2016', 'MM-DD-YYYY'), 1);
INSERT INTO RESERVATION_DETAIL VALUES('00207', '381', to_date('12-06-2016', 'MM-DD-YYYY'), 0);
INSERT INTO RESERVATION_DETAIL VALUES('00208', '351', to_date('12-04-2016', 'MM-DD-YYYY'), 0);
INSERT INTO RESERVATION_DETAIL VALUES('00209', '351', to_date('12-04-2016', 'MM-DD-YYYY'), 0);
INSERT INTO RESERVATION_DETAIL VALUES('00210', '337', to_date('12-04-2016', 'MM-DD-YYYY'), 0);
INSERT INTO RESERVATION_DETAIL VALUES('00210', '347', to_date('12-05-2016', 'MM-DD-YYYY'), 1);
INSERT INTO RESERVATION_DETAIL VALUES('00210', '370', to_date('12-07-2016', 'MM-DD-YYYY'), 2);
INSERT INTO RESERVATION_DETAIL VALUES('00211', '447', to_date('12-09-2016', 'MM-DD-YYYY'), 0);
INSERT INTO RESERVATION_DETAIL VALUES('00212', '427', to_date('12-10-2016', 'MM-DD-YYYY'), 0);
INSERT INTO RESERVATION_DETAIL VALUES('00213', '395', to_date('12-06-2016', 'MM-DD-YYYY'), 0);
INSERT INTO RESERVATION_DETAIL VALUES('00214', '426', to_date('12-05-2016', 'MM-DD-YYYY'), 0);
INSERT INTO RESERVATION_DETAIL VALUES('00214', '435', to_date('12-05-2016', 'MM-DD-YYYY'), 1);
INSERT INTO RESERVATION_DETAIL VALUES('00215', '397', to_date('12-04-2016', 'MM-DD-YYYY'), 0);
INSERT INTO RESERVATION_DETAIL VALUES('00215', '432', to_date('12-06-2016', 'MM-DD-YYYY'), 1);
INSERT INTO RESERVATION_DETAIL VALUES('00215', '424', to_date('12-07-2016', 'MM-DD-YYYY'), 2);
INSERT INTO RESERVATION_DETAIL VALUES('00215', '420', to_date('12-08-2016', 'MM-DD-YYYY'), 3);
INSERT INTO RESERVATION_DETAIL VALUES('00216', '447', to_date('12-04-2016', 'MM-DD-YYYY'), 0);
INSERT INTO RESERVATION_DETAIL VALUES('00216', '434', to_date('12-06-2016', 'MM-DD-YYYY'), 1);
INSERT INTO RESERVATION_DETAIL VALUES('00217', '401', to_date('12-05-2016', 'MM-DD-YYYY'), 0);
INSERT INTO RESERVATION_DETAIL VALUES('00218', '424', to_date('12-05-2016', 'MM-DD-YYYY'), 0);
INSERT INTO RESERVATION_DETAIL VALUES('00218', '416', to_date('12-06-2016', 'MM-DD-YYYY'), 1);
INSERT INTO RESERVATION_DETAIL VALUES('00218', '408', to_date('12-07-2016', 'MM-DD-YYYY'), 2);
INSERT INTO RESERVATION_DETAIL VALUES('00218', '406', to_date('12-08-2016', 'MM-DD-YYYY'), 3);
INSERT INTO RESERVATION_DETAIL VALUES('00219', '447', to_date('12-04-2016', 'MM-DD-YYYY'), 0);
INSERT INTO RESERVATION_DETAIL VALUES('00219', '429', to_date('12-05-2016', 'MM-DD-YYYY'), 1);
INSERT INTO RESERVATION_DETAIL VALUES('00220', '412', to_date('12-05-2016', 'MM-DD-YYYY'), 0);
INSERT INTO RESERVATION_DETAIL VALUES('00220', '440', to_date('12-06-2016', 'MM-DD-YYYY'), 1);
INSERT INTO RESERVATION_DETAIL VALUES('00220', '428', to_date('12-07-2016', 'MM-DD-YYYY'), 2);
INSERT INTO RESERVATION_DETAIL VALUES('00221', '393', to_date('12-04-2016', 'MM-DD-YYYY'), 0);
INSERT INTO RESERVATION_DETAIL VALUES('00221', '402', to_date('12-06-2016', 'MM-DD-YYYY'), 1);
INSERT INTO RESERVATION_DETAIL VALUES('00221', '420', to_date('12-07-2016', 'MM-DD-YYYY'), 2);
INSERT INTO RESERVATION_DETAIL VALUES('00222', '426', to_date('12-05-2016', 'MM-DD-YYYY'), 0);
INSERT INTO RESERVATION_DETAIL VALUES('00222', '439', to_date('12-05-2016', 'MM-DD-YYYY'), 1);
INSERT INTO RESERVATION_DETAIL VALUES('00222', '427', to_date('12-06-2016', 'MM-DD-YYYY'), 2);
INSERT INTO RESERVATION_DETAIL VALUES('00223', '413', to_date('12-04-2016', 'MM-DD-YYYY'), 0);
INSERT INTO RESERVATION_DETAIL VALUES('00223', '445', to_date('12-05-2016', 'MM-DD-YYYY'), 1);
INSERT INTO RESERVATION_DETAIL VALUES('00224', '441', to_date('12-04-2016', 'MM-DD-YYYY'), 0);
INSERT INTO RESERVATION_DETAIL VALUES('00224', '446', to_date('12-06-2016', 'MM-DD-YYYY'), 1);
INSERT INTO RESERVATION_DETAIL VALUES('00224', '425', to_date('12-06-2016', 'MM-DD-YYYY'), 2);
INSERT INTO RESERVATION_DETAIL VALUES('00224', '430', to_date('12-08-2016', 'MM-DD-YYYY'), 3);
INSERT INTO RESERVATION_DETAIL VALUES('00225', '438', to_date('12-07-2016', 'MM-DD-YYYY'), 0);
INSERT INTO RESERVATION_DETAIL VALUES('00226', '443', to_date('12-05-2016', 'MM-DD-YYYY'), 0);
INSERT INTO RESERVATION_DETAIL VALUES('00227', '409', to_date('12-04-2016', 'MM-DD-YYYY'), 0);
INSERT INTO RESERVATION_DETAIL VALUES('00227', '414', to_date('12-06-2016', 'MM-DD-YYYY'), 1);
INSERT INTO RESERVATION_DETAIL VALUES('00228', '412', to_date('12-05-2016', 'MM-DD-YYYY'), 0);
INSERT INTO RESERVATION_DETAIL VALUES('00228', '440', to_date('12-06-2016', 'MM-DD-YYYY'), 1);
INSERT INTO RESERVATION_DETAIL VALUES('00228', '432', to_date('12-07-2016', 'MM-DD-YYYY'), 2);
INSERT INTO RESERVATION_DETAIL VALUES('00228', '424', to_date('12-08-2016', 'MM-DD-YYYY'), 3);
INSERT INTO RESERVATION_DETAIL VALUES('00229', '435', to_date('12-04-2016', 'MM-DD-YYYY'), 0);
INSERT INTO RESERVATION_DETAIL VALUES('00229', '395', to_date('12-05-2016', 'MM-DD-YYYY'), 1);
INSERT INTO RESERVATION_DETAIL VALUES('00230', '396', to_date('12-05-2016', 'MM-DD-YYYY'), 0);
INSERT INTO RESERVATION_DETAIL VALUES('00230', '426', to_date('12-06-2016', 'MM-DD-YYYY'), 1);
INSERT INTO RESERVATION_DETAIL VALUES('00231', '422', to_date('12-05-2016', 'MM-DD-YYYY'), 0);
INSERT INTO RESERVATION_DETAIL VALUES('00231', '404', to_date('12-06-2016', 'MM-DD-YYYY'), 1);
INSERT INTO RESERVATION_DETAIL VALUES('00232', '438', to_date('12-07-2016', 'MM-DD-YYYY'), 0);
INSERT INTO RESERVATION_DETAIL VALUES('00233', '428', to_date('12-05-2016', 'MM-DD-YYYY'), 0);
INSERT INTO RESERVATION_DETAIL VALUES('00233', '396', to_date('12-06-2016', 'MM-DD-YYYY'), 1);
INSERT INTO RESERVATION_DETAIL VALUES('00233', '423', to_date('12-06-2016', 'MM-DD-YYYY'), 2);
INSERT INTO RESERVATION_DETAIL VALUES('00233', '412', to_date('12-08-2016', 'MM-DD-YYYY'), 3);
INSERT INTO RESERVATION_DETAIL VALUES('00234', '446', to_date('12-05-2016', 'MM-DD-YYYY'), 0);
INSERT INTO RESERVATION_DETAIL VALUES('00234', '424', to_date('12-06-2016', 'MM-DD-YYYY'), 1);
INSERT INTO RESERVATION_DETAIL VALUES('00235', '424', to_date('12-05-2016', 'MM-DD-YYYY'), 0);
INSERT INTO RESERVATION_DETAIL VALUES('00235', '416', to_date('12-06-2016', 'MM-DD-YYYY'), 1);
INSERT INTO RESERVATION_DETAIL VALUES('00235', '407', to_date('12-06-2016', 'MM-DD-YYYY'), 2);
INSERT INTO RESERVATION_DETAIL VALUES('00236', '440', to_date('12-05-2016', 'MM-DD-YYYY'), 0);
INSERT INTO RESERVATION_DETAIL VALUES('00236', '432', to_date('12-06-2016', 'MM-DD-YYYY'), 1);
INSERT INTO RESERVATION_DETAIL VALUES('00236', '423', to_date('12-06-2016', 'MM-DD-YYYY'), 2);
INSERT INTO RESERVATION_DETAIL VALUES('00237', '448', to_date('12-05-2016', 'MM-DD-YYYY'), 0);
INSERT INTO RESERVATION_DETAIL VALUES('00237', '441', to_date('12-05-2016', 'MM-DD-YYYY'), 1);
INSERT INTO RESERVATION_DETAIL VALUES('00237', '443', to_date('12-06-2016', 'MM-DD-YYYY'), 2);
INSERT INTO RESERVATION_DETAIL VALUES('00238', '417', to_date('12-04-2016', 'MM-DD-YYYY'), 0);
INSERT INTO RESERVATION_DETAIL VALUES('00238', '423', to_date('12-05-2016', 'MM-DD-YYYY'), 1);
INSERT INTO RESERVATION_DETAIL VALUES('00238', '408', to_date('12-07-2016', 'MM-DD-YYYY'), 2);
INSERT INTO RESERVATION_DETAIL VALUES('00239', '441', to_date('12-04-2016', 'MM-DD-YYYY'), 0);
INSERT INTO RESERVATION_DETAIL VALUES('00239', '447', to_date('12-05-2016', 'MM-DD-YYYY'), 1);
INSERT INTO RESERVATION_DETAIL VALUES('00239', '428', to_date('12-07-2016', 'MM-DD-YYYY'), 2);
INSERT INTO RESERVATION_DETAIL VALUES('00240', '441', to_date('12-04-2016', 'MM-DD-YYYY'), 0);
INSERT INTO RESERVATION_DETAIL VALUES('00240', '443', to_date('12-05-2016', 'MM-DD-YYYY'), 1);
INSERT INTO RESERVATION_DETAIL VALUES('00240', '400', to_date('12-07-2016', 'MM-DD-YYYY'), 2);
INSERT INTO RESERVATION_DETAIL VALUES('00240', '395', to_date('12-07-2016', 'MM-DD-YYYY'), 3);
INSERT INTO RESERVATION_DETAIL VALUES('00241', '469', to_date('12-04-2016', 'MM-DD-YYYY'), 0);
INSERT INTO RESERVATION_DETAIL VALUES('00241', '504', to_date('12-06-2016', 'MM-DD-YYYY'), 1);
INSERT INTO RESERVATION_DETAIL VALUES('00241', '494', to_date('12-07-2016', 'MM-DD-YYYY'), 2);
INSERT INTO RESERVATION_DETAIL VALUES('00241', '476', to_date('12-08-2016', 'MM-DD-YYYY'), 3);
INSERT INTO RESERVATION_DETAIL VALUES('00242', '503', to_date('12-04-2016', 'MM-DD-YYYY'), 0);
INSERT INTO RESERVATION_DETAIL VALUES('00242', '490', to_date('12-06-2016', 'MM-DD-YYYY'), 1);
INSERT INTO RESERVATION_DETAIL VALUES('00243', '478', to_date('12-05-2016', 'MM-DD-YYYY'), 0);
INSERT INTO RESERVATION_DETAIL VALUES('00243', '457', to_date('12-05-2016', 'MM-DD-YYYY'), 1);
INSERT INTO RESERVATION_DETAIL VALUES('00244', '486', to_date('12-06-2016', 'MM-DD-YYYY'), 0);
INSERT INTO RESERVATION_DETAIL VALUES('00245', '491', to_date('12-04-2016', 'MM-DD-YYYY'), 0);
INSERT INTO RESERVATION_DETAIL VALUES('00246', '495', to_date('12-04-2016', 'MM-DD-YYYY'), 0);
INSERT INTO RESERVATION_DETAIL VALUES('00246', '479', to_date('12-05-2016', 'MM-DD-YYYY'), 1);
INSERT INTO RESERVATION_DETAIL VALUES('00246', '469', to_date('12-06-2016', 'MM-DD-YYYY'), 2);
INSERT INTO RESERVATION_DETAIL VALUES('00246', '499', to_date('12-07-2016', 'MM-DD-YYYY'), 3);
INSERT INTO RESERVATION_DETAIL VALUES('00247', '455', to_date('12-10-2016', 'MM-DD-YYYY'), 0);
INSERT INTO RESERVATION_DETAIL VALUES('00248', '500', to_date('12-05-2016', 'MM-DD-YYYY'), 0);
INSERT INTO RESERVATION_DETAIL VALUES('00248', '464', to_date('12-06-2016', 'MM-DD-YYYY'), 1);
INSERT INTO RESERVATION_DETAIL VALUES('00248', '457', to_date('12-06-2016', 'MM-DD-YYYY'), 2);
INSERT INTO RESERVATION_DETAIL VALUES('00248', '465', to_date('12-07-2016', 'MM-DD-YYYY'), 3);
INSERT INTO RESERVATION_DETAIL VALUES('00249', '480', to_date('12-05-2016', 'MM-DD-YYYY'), 0);
INSERT INTO RESERVATION_DETAIL VALUES('00249', '475', to_date('12-05-2016', 'MM-DD-YYYY'), 1);
INSERT INTO RESERVATION_DETAIL VALUES('00249', '497', to_date('12-06-2016', 'MM-DD-YYYY'), 2);
INSERT INTO RESERVATION_DETAIL VALUES('00249', '499', to_date('12-07-2016', 'MM-DD-YYYY'), 3);
INSERT INTO RESERVATION_DETAIL VALUES('00250', '457', to_date('12-05-2016', 'MM-DD-YYYY'), 0);
INSERT INTO RESERVATION_DETAIL VALUES('00251', '452', to_date('12-07-2016', 'MM-DD-YYYY'), 0);
INSERT INTO RESERVATION_DETAIL VALUES('00252', '495', to_date('12-08-2016', 'MM-DD-YYYY'), 0);
INSERT INTO RESERVATION_DETAIL VALUES('00253', '495', to_date('12-04-2016', 'MM-DD-YYYY'), 0);
INSERT INTO RESERVATION_DETAIL VALUES('00253', '478', to_date('12-06-2016', 'MM-DD-YYYY'), 1);
INSERT INTO RESERVATION_DETAIL VALUES('00253', '457', to_date('12-06-2016', 'MM-DD-YYYY'), 2);
INSERT INTO RESERVATION_DETAIL VALUES('00253', '467', to_date('12-07-2016', 'MM-DD-YYYY'), 3);
INSERT INTO RESERVATION_DETAIL VALUES('00254', '493', to_date('12-04-2016', 'MM-DD-YYYY'), 0);
INSERT INTO RESERVATION_DETAIL VALUES('00254', '465', to_date('12-05-2016', 'MM-DD-YYYY'), 1);
INSERT INTO RESERVATION_DETAIL VALUES('00254', '472', to_date('12-07-2016', 'MM-DD-YYYY'), 2);
INSERT INTO RESERVATION_DETAIL VALUES('00254', '464', to_date('12-08-2016', 'MM-DD-YYYY'), 3);
INSERT INTO RESERVATION_DETAIL VALUES('00255', '481', to_date('12-08-2016', 'MM-DD-YYYY'), 0);
INSERT INTO RESERVATION_DETAIL VALUES('00256', '493', to_date('12-04-2016', 'MM-DD-YYYY'), 0);
INSERT INTO RESERVATION_DETAIL VALUES('00256', '463', to_date('12-05-2016', 'MM-DD-YYYY'), 1);
INSERT INTO RESERVATION_DETAIL VALUES('00256', '450', to_date('12-07-2016', 'MM-DD-YYYY'), 2);
INSERT INTO RESERVATION_DETAIL VALUES('00256', '468', to_date('12-08-2016', 'MM-DD-YYYY'), 3);
INSERT INTO RESERVATION_DETAIL VALUES('00257', '470', to_date('12-05-2016', 'MM-DD-YYYY'), 0);
INSERT INTO RESERVATION_DETAIL VALUES('00257', '455', to_date('12-05-2016', 'MM-DD-YYYY'), 1);
INSERT INTO RESERVATION_DETAIL VALUES('00257', '501', to_date('12-06-2016', 'MM-DD-YYYY'), 2);
INSERT INTO RESERVATION_DETAIL VALUES('00258', '456', to_date('12-04-2016', 'MM-DD-YYYY'), 0);
INSERT INTO RESERVATION_DETAIL VALUES('00259', '493', to_date('12-06-2016', 'MM-DD-YYYY'), 0);
INSERT INTO RESERVATION_DETAIL VALUES('00260', '462', to_date('12-10-2016', 'MM-DD-YYYY'), 0);
INSERT INTO RESERVATION_DETAIL VALUES('00261', '475', to_date('12-04-2016', 'MM-DD-YYYY'), 0);
INSERT INTO RESERVATION_DETAIL VALUES('00261', '494', to_date('12-06-2016', 'MM-DD-YYYY'), 1);
INSERT INTO RESERVATION_DETAIL VALUES('00262', '456', to_date('12-05-2016', 'MM-DD-YYYY'), 0);
INSERT INTO RESERVATION_DETAIL VALUES('00262', '450', to_date('12-06-2016', 'MM-DD-YYYY'), 1);
INSERT INTO RESERVATION_DETAIL VALUES('00263', '459', to_date('12-04-2016', 'MM-DD-YYYY'), 0);
INSERT INTO RESERVATION_DETAIL VALUES('00263', '483', to_date('12-05-2016', 'MM-DD-YYYY'), 1);
INSERT INTO RESERVATION_DETAIL VALUES('00263', '504', to_date('12-07-2016', 'MM-DD-YYYY'), 2);
INSERT INTO RESERVATION_DETAIL VALUES('00263', '493', to_date('12-07-2016', 'MM-DD-YYYY'), 3);
INSERT INTO RESERVATION_DETAIL VALUES('00264', '470', to_date('12-05-2016', 'MM-DD-YYYY'), 0);
INSERT INTO RESERVATION_DETAIL VALUES('00264', '451', to_date('12-05-2016', 'MM-DD-YYYY'), 1);
INSERT INTO RESERVATION_DETAIL VALUES('00265', '459', to_date('12-07-2016', 'MM-DD-YYYY'), 0);
INSERT INTO RESERVATION_DETAIL VALUES('00266', '501', to_date('12-04-2016', 'MM-DD-YYYY'), 0);
INSERT INTO RESERVATION_DETAIL VALUES('00266', '476', to_date('12-06-2016', 'MM-DD-YYYY'), 1);
INSERT INTO RESERVATION_DETAIL VALUES('00266', '502', to_date('12-07-2016', 'MM-DD-YYYY'), 2);
INSERT INTO RESERVATION_DETAIL VALUES('00267', '456', to_date('12-05-2016', 'MM-DD-YYYY'), 0);
INSERT INTO RESERVATION_DETAIL VALUES('00267', '454', to_date('12-06-2016', 'MM-DD-YYYY'), 1);
INSERT INTO RESERVATION_DETAIL VALUES('00267', '492', to_date('12-07-2016', 'MM-DD-YYYY'), 2);
INSERT INTO RESERVATION_DETAIL VALUES('00267', '456', to_date('12-08-2016', 'MM-DD-YYYY'), 3);
INSERT INTO RESERVATION_DETAIL VALUES('00268', '488', to_date('12-05-2016', 'MM-DD-YYYY'), 0);
INSERT INTO RESERVATION_DETAIL VALUES('00268', '477', to_date('12-05-2016', 'MM-DD-YYYY'), 1);
INSERT INTO RESERVATION_DETAIL VALUES('00268', '449', to_date('12-06-2016', 'MM-DD-YYYY'), 2);
INSERT INTO RESERVATION_DETAIL VALUES('00269', '453', to_date('12-04-2016', 'MM-DD-YYYY'), 0);
INSERT INTO RESERVATION_DETAIL VALUES('00269', '487', to_date('12-05-2016', 'MM-DD-YYYY'), 1);
INSERT INTO RESERVATION_DETAIL VALUES('00270', '496', to_date('12-09-2016', 'MM-DD-YYYY'), 0);
INSERT INTO RESERVATION_DETAIL VALUES('00271', '555', to_date('12-05-2016', 'MM-DD-YYYY'), 0);
INSERT INTO RESERVATION_DETAIL VALUES('00272', '550', to_date('12-05-2016', 'MM-DD-YYYY'), 0);
INSERT INTO RESERVATION_DETAIL VALUES('00272', '529', to_date('12-05-2016', 'MM-DD-YYYY'), 1);
INSERT INTO RESERVATION_DETAIL VALUES('00273', '546', to_date('12-05-2016', 'MM-DD-YYYY'), 0);
INSERT INTO RESERVATION_DETAIL VALUES('00273', '555', to_date('12-05-2016', 'MM-DD-YYYY'), 1);
INSERT INTO RESERVATION_DETAIL VALUES('00274', '516', to_date('12-05-2016', 'MM-DD-YYYY'), 0);
INSERT INTO RESERVATION_DETAIL VALUES('00274', '543', to_date('12-05-2016', 'MM-DD-YYYY'), 1);
INSERT INTO RESERVATION_DETAIL VALUES('00275', '552', to_date('12-05-2016', 'MM-DD-YYYY'), 0);
INSERT INTO RESERVATION_DETAIL VALUES('00275', '543', to_date('12-05-2016', 'MM-DD-YYYY'), 1);
INSERT INTO RESERVATION_DETAIL VALUES('00275', '531', to_date('12-06-2016', 'MM-DD-YYYY'), 2);
INSERT INTO RESERVATION_DETAIL VALUES('00276', '515', to_date('12-04-2016', 'MM-DD-YYYY'), 0);
INSERT INTO RESERVATION_DETAIL VALUES('00276', '537', to_date('12-05-2016', 'MM-DD-YYYY'), 1);
INSERT INTO RESERVATION_DETAIL VALUES('00276', '540', to_date('12-07-2016', 'MM-DD-YYYY'), 2);
INSERT INTO RESERVATION_DETAIL VALUES('00277', '537', to_date('12-08-2016', 'MM-DD-YYYY'), 0);
INSERT INTO RESERVATION_DETAIL VALUES('00278', '542', to_date('12-06-2016', 'MM-DD-YYYY'), 0);
INSERT INTO RESERVATION_DETAIL VALUES('00279', '522', to_date('12-05-2016', 'MM-DD-YYYY'), 0);
INSERT INTO RESERVATION_DETAIL VALUES('00279', '539', to_date('12-05-2016', 'MM-DD-YYYY'), 1);
INSERT INTO RESERVATION_DETAIL VALUES('00280', '509', to_date('12-04-2016', 'MM-DD-YYYY'), 0);
INSERT INTO RESERVATION_DETAIL VALUES('00280', '541', to_date('12-05-2016', 'MM-DD-YYYY'), 1);
INSERT INTO RESERVATION_DETAIL VALUES('00280', '514', to_date('12-07-2016', 'MM-DD-YYYY'), 2);
INSERT INTO RESERVATION_DETAIL VALUES('00280', '531', to_date('12-07-2016', 'MM-DD-YYYY'), 3);
INSERT INTO RESERVATION_DETAIL VALUES('00281', '537', to_date('12-04-2016', 'MM-DD-YYYY'), 0);
INSERT INTO RESERVATION_DETAIL VALUES('00281', '542', to_date('12-06-2016', 'MM-DD-YYYY'), 1);
INSERT INTO RESERVATION_DETAIL VALUES('00281', '523', to_date('12-06-2016', 'MM-DD-YYYY'), 2);
INSERT INTO RESERVATION_DETAIL VALUES('00282', '545', to_date('12-04-2016', 'MM-DD-YYYY'), 0);
INSERT INTO RESERVATION_DETAIL VALUES('00282', '550', to_date('12-06-2016', 'MM-DD-YYYY'), 1);
INSERT INTO RESERVATION_DETAIL VALUES('00283', '505', to_date('12-04-2016', 'MM-DD-YYYY'), 0);
INSERT INTO RESERVATION_DETAIL VALUES('00283', '515', to_date('12-05-2016', 'MM-DD-YYYY'), 1);
INSERT INTO RESERVATION_DETAIL VALUES('00284', '542', to_date('12-05-2016', 'MM-DD-YYYY'), 0);
INSERT INTO RESERVATION_DETAIL VALUES('00284', '522', to_date('12-06-2016', 'MM-DD-YYYY'), 1);
INSERT INTO RESERVATION_DETAIL VALUES('00285', '543', to_date('12-04-2016', 'MM-DD-YYYY'), 0);
INSERT INTO RESERVATION_DETAIL VALUES('00285', '526', to_date('12-06-2016', 'MM-DD-YYYY'), 1);
INSERT INTO RESERVATION_DETAIL VALUES('00285', '511', to_date('12-06-2016', 'MM-DD-YYYY'), 2);
INSERT INTO RESERVATION_DETAIL VALUES('00286', '557', to_date('12-04-2016', 'MM-DD-YYYY'), 0);
INSERT INTO RESERVATION_DETAIL VALUES('00286', '531', to_date('12-05-2016', 'MM-DD-YYYY'), 1);
INSERT INTO RESERVATION_DETAIL VALUES('00287', '540', to_date('12-05-2016', 'MM-DD-YYYY'), 0);
INSERT INTO RESERVATION_DETAIL VALUES('00287', '506', to_date('12-06-2016', 'MM-DD-YYYY'), 1);
INSERT INTO RESERVATION_DETAIL VALUES('00287', '519', to_date('12-06-2016', 'MM-DD-YYYY'), 2);
INSERT INTO RESERVATION_DETAIL VALUES('00287', '505', to_date('12-07-2016', 'MM-DD-YYYY'), 3);
INSERT INTO RESERVATION_DETAIL VALUES('00288', '543', to_date('12-04-2016', 'MM-DD-YYYY'), 0);
INSERT INTO RESERVATION_DETAIL VALUES('00288', '528', to_date('12-06-2016', 'MM-DD-YYYY'), 1);
INSERT INTO RESERVATION_DETAIL VALUES('00288', '521', to_date('12-06-2016', 'MM-DD-YYYY'), 2);
INSERT INTO RESERVATION_DETAIL VALUES('00288', '529', to_date('12-07-2016', 'MM-DD-YYYY'), 3);
INSERT INTO RESERVATION_DETAIL VALUES('00289', '551', to_date('12-04-2016', 'MM-DD-YYYY'), 0);
INSERT INTO RESERVATION_DETAIL VALUES('00289', '535', to_date('12-05-2016', 'MM-DD-YYYY'), 1);
INSERT INTO RESERVATION_DETAIL VALUES('00289', '521', to_date('12-06-2016', 'MM-DD-YYYY'), 2);
INSERT INTO RESERVATION_DETAIL VALUES('00289', '529', to_date('12-07-2016', 'MM-DD-YYYY'), 3);
INSERT INTO RESERVATION_DETAIL VALUES('00290', '538', to_date('12-05-2016', 'MM-DD-YYYY'), 0);
INSERT INTO RESERVATION_DETAIL VALUES('00290', '551', to_date('12-05-2016', 'MM-DD-YYYY'), 1);
INSERT INTO RESERVATION_DETAIL VALUES('00291', '553', to_date('12-04-2016', 'MM-DD-YYYY'), 0);
INSERT INTO RESERVATION_DETAIL VALUES('00291', '560', to_date('12-06-2016', 'MM-DD-YYYY'), 1);
INSERT INTO RESERVATION_DETAIL VALUES('00292', '547', to_date('12-04-2016', 'MM-DD-YYYY'), 0);
INSERT INTO RESERVATION_DETAIL VALUES('00292', '510', to_date('12-06-2016', 'MM-DD-YYYY'), 1);
INSERT INTO RESERVATION_DETAIL VALUES('00292', '547', to_date('12-06-2016', 'MM-DD-YYYY'), 2);
INSERT INTO RESERVATION_DETAIL VALUES('00292', '508', to_date('12-08-2016', 'MM-DD-YYYY'), 3);
INSERT INTO RESERVATION_DETAIL VALUES('00293', '534', to_date('12-05-2016', 'MM-DD-YYYY'), 0);
INSERT INTO RESERVATION_DETAIL VALUES('00294', '541', to_date('12-04-2016', 'MM-DD-YYYY'), 0);
INSERT INTO RESERVATION_DETAIL VALUES('00294', '513', to_date('12-05-2016', 'MM-DD-YYYY'), 1);
INSERT INTO RESERVATION_DETAIL VALUES('00294', '521', to_date('12-06-2016', 'MM-DD-YYYY'), 2);
INSERT INTO RESERVATION_DETAIL VALUES('00294', '528', to_date('12-08-2016', 'MM-DD-YYYY'), 3);
INSERT INTO RESERVATION_DETAIL VALUES('00295', '556', to_date('12-05-2016', 'MM-DD-YYYY'), 0);
INSERT INTO RESERVATION_DETAIL VALUES('00295', '523', to_date('12-05-2016', 'MM-DD-YYYY'), 1);
INSERT INTO RESERVATION_DETAIL VALUES('00295', '542', to_date('12-07-2016', 'MM-DD-YYYY'), 2);
INSERT INTO RESERVATION_DETAIL VALUES('00295', '521', to_date('12-07-2016', 'MM-DD-YYYY'), 3);
INSERT INTO RESERVATION_DETAIL VALUES('00296', '517', to_date('12-04-2016', 'MM-DD-YYYY'), 0);
INSERT INTO RESERVATION_DETAIL VALUES('00296', '552', to_date('12-06-2016', 'MM-DD-YYYY'), 1);
INSERT INTO RESERVATION_DETAIL VALUES('00297', '535', to_date('12-04-2016', 'MM-DD-YYYY'), 0);
INSERT INTO RESERVATION_DETAIL VALUES('00297', '521', to_date('12-05-2016', 'MM-DD-YYYY'), 1);
INSERT INTO RESERVATION_DETAIL VALUES('00298', '507', to_date('12-06-2016', 'MM-DD-YYYY'), 0);
INSERT INTO RESERVATION_DETAIL VALUES('00299', '542', to_date('12-05-2016', 'MM-DD-YYYY'), 0);
INSERT INTO RESERVATION_DETAIL VALUES('00299', '520', to_date('12-06-2016', 'MM-DD-YYYY'), 1);
INSERT INTO RESERVATION_DETAIL VALUES('00299', '513', to_date('12-06-2016', 'MM-DD-YYYY'), 2);
INSERT INTO RESERVATION_DETAIL VALUES('00299', '524', to_date('12-08-2016', 'MM-DD-YYYY'), 3);
INSERT INTO RESERVATION_DETAIL VALUES('00300', '531', to_date('12-09-2016', 'MM-DD-YYYY'), 0);

commit;

CREATE OR REPLACE FUNCTION getCapacity(flightNum IN VARCHAR2) RETURN INT 
AS
capacity int;
BEGIN
	SELECT COUNT(*) INTO capacity
	FROM Reservation_Detail
	WHERE flight_number = flightNum
	GROUP BY flight_number;
	RETURN (capacity);
END;
/

CREATE OR REPLACE PROCEDURE updateFlightType(new_type IN CHAR, flightNum IN VARCHAR) AS
BEGIN
	UPDATE Flight	
	SET plane_type = new_type
	WHERE flight_number = flightNum;
END;
/

--Trigger 1
--Changed Requirements Left Us Confused On How To Implement This Trigger With Regards to Airline ID and Roundtrips
CREATE OR REPLACE TRIGGER adjustTicket 
AFTER UPDATE ON Price
REFERENCING NEW AS NEW_PRICE
FOR EACH ROW
	WHEN (NEW_PRICE.high_price <> old.high_price OR NEW_PRICE.low_price <> old.low_price)
BEGIN
	UPDATE Reservation R
	SET R.cost = NEW_PRICE.cost
	WHERE (NEW_PRICE.departure_city = R.start_city) AND (NEW_PRICE.arrival_city = R.end_city) AND (R.Ticketed = 'N');
END;
/

--Trigger 2
CREATE OR REPLACE TRIGGER planeUpgrade
AFTER UPDATE OR INSERT ON Reservation_Detail
FOR EACH ROW
DECLARE
	curr_capacity INT;
	max_capacity INT;
	new_type CHAR;
BEGIN
	curr_capacity := getCapacity(:new.flight_number);
	SELECT capacity INTO max_capacty
	FROM (Flight NATURAL JOIN Plane) W
	WHERE :new.flight_number = W.flight_number;
	
	IF curr_capacity > max_capacity
	THEN {
		SELECT plane_type INTO new_type
		FROM Plane P
		WHERE (P.capacity > curr_capacity) AND P.owner_id IN (SELECT airline_id 
															  FROM Flight NATURAL JOIN Reservation_Detail 
															  WHERE :new.flight_number = flight_number);
		
		CALL updateFlightType(new_type, :new.flight_number);
	}
	END IF;
END;
/

--Trigger 3
CREATE OR REPLACE TRIGGER cancelReservation
AFTER UPDATE OF c_date ON Our_Date
FOR EACH ROW
-- 	WHEN(EXISTS(SELECT departure_time 
-- 					FROM Flight 
-- 					WHERE to_char((SELECT * FROM Our_Date) + INTERVAL '12' hour, HH24MI) = departure_time))
DECLARE cancel_time CHAR(4);
DECLARE curr_capacity INT;
DECLARE curr_flightNum VARCHAR(3);
DECLARE low_capacity INT;
DECLARE new_type CHAR(4);
BEGIN
	IF EXISTS(SELECT departure_time 
					FROM Flight 
					WHERE to_char((SELECT * FROM Our_Date) + INTERVAL '12' hour, HH24MI) = departure_time))
	THEN
	{
		cancel_time := to_char((SELECT * FROM Our_Date) + INTERVAL '12' hour, HH24MI);
		DELETE FROM Reservation
		WHERE Ticketed == 'N' AND reservation_number == (SELECT reservation_number FROM Reservation_Detail WHERE leg == 0 AND cancel_time == departure_time);
		-- Fit Into Smaller Plane
		SELECT COUNT(*) INTO curr_capacity, flight_number INTO curr_flightNum
		FROM Reservation_Detail
		GROUP BY flight_number
		WHERE cancel_time == (SELECT departure_time FROM Flight F);
	
		SELECT capacity INTO low_capacity
		FROM Plane P
		WHERE curr_capacity > P.capacity;
	
		SELECT plane_type INTO new_type
		FROM Plane P
		WHERE (low_capacity = capacity) AND (P.owner_id = (SELECT airline_id 
																	FROM Flight NATURAL JOIN Reservation_Detail 
																	WHERE curr_flightNum = Flight.flight_number));
	
		UPDATE Flight
		SET plane_type = new_type
		WHERE flight_number == curr_flightNum;
	}
	END IF;
END;
/